*X-Coordinate,*Y-Coordinate,*Z-Coordinate,DESCR,*Vertex Number,LEVEL
20576.2304,28819.47395,6564.469967,Truck_Side_Loading_Location,1,4430
20471.18025,28810.79581,6561.307727,Truck_Side_Loading_Location,2,4430
20808.75901,29076.74162,6226.443688,Truck_Side_Loading_Location,1,4770
20708.82108,29068.22103,6223.434673,Truck_Side_Loading_Location,2,4770
21015.81172,28376.70088,5938.274992,Truck_Side_Loading_Location,1,5060
20917.18845,28368.07246,5935.304992,Truck_Side_Loading_Location,2,5060
20740.33921,29032.9805,6314.049505,Truck_Side_Loading_Location,1,4660
20641.22982,29024.31232,6311.108009,Truck_Side_Loading_Location,2,4660
20976.56788,28144.76122,6119.467326,Truck_Side_Loading_Location,1,4880
20877.68585,28136.12418,6116.505284,Truck_Side_Loading_Location,2,4880
20876.30109,28203.82108,6211.606736,Truck_Side_Loading_Location,1,4790
20777.67782,28195.19266,6208.636736,Truck_Side_Loading_Location,2,4790
20783.43284,28265.11456,6300.7062,Truck_Side_Loading_Location,1,4700
20684.80957,28256.48614,6297.7362,Truck_Side_Loading_Location,2,4700
20691.31426,28322.50399,6390.788626,Truck_Side_Loading_Location,1,4610
20592.53578,28313.87783,6387.57051,Truck_Side_Loading_Location,2,4610
20670.46265,29067.03758,7251.984788,Rock_Pass_Access,1,3400
20730.8094,29127.38433,7251.984788,Rock_Pass_Access,2,3400
20730.8094,29127.38433,7251.984788,Rock_Pass,1,4520
20733.87772,29105.50601,6532.590947,Rock_Pass,2,4520
20924.42889,28876.68892,6113.62455,Rock_Pass_Access,1,4860
20996.81233,28885.91431,6115.813619,Rock_Pass_Access,2,4860
21048.50477,28929.73563,6684.839,Rock_Pass_Access,1,4340
20996.81233,28885.91431,6687.501,Rock_Pass_Access,2,4340
20996.81233,28885.91431,6687.501,Rock_Pass,1,4860
20996.81233,28885.91431,6115.813619,Rock_Pass,2,4860
20510.67694,28729.93836,6656.319531,Truck_Side_Loading_Location,1,4340
20412.05367,28721.30995,6653.349531,Truck_Side_Loading_Location,2,4340
20638.51341,28849.99375,6471.639624,Truck_Side_Loading_Location,1,4520
20539.89014,28841.36534,6468.669624,Truck_Side_Loading_Location,2,4520
21075.47075,28166.09282,6026.568011,Truck_Side_Loading_Location,1,4970
20979.68914,28143.90233,6023.058621,Truck_Side_Loading_Location,2,4970
20148.91234,28870.22503,6798.987368,Truck_Side_Loading_Location,1,4200
20055.93574,28851.8313,6801,Truck_Side_Loading_Location,2,4200
20168.99647,28774.11919,6966.507541,Truck_Side_Loading_Location,1,4030
20006.00968,28754.67567,6971,Truck_Side_Loading_Location,2,4030
20144.37619,28856.38126,6883.441994,Truck_Side_Loading_Location,1,4110
20012.81604,28840.79892,6886,Truck_Side_Loading_Location,2,4110
20647.23129,28955.71527,6309.042237,178OB_Internal_Lateral_Drift,1,4660
20678.27582,28331.16714,6295.487212,178OB_Internal_Lateral_Drift,2,4660
20708.82108,29068.22103,6223.434673,Truck_Battery_Swap_Station,1,4770
20666.93224,29064.55623,6223.434673,Truck_Battery_Swap_Station,2,4770
20401.58223,29357.42371,6577.597524,Storage_Charging_Station,1,4430
20303.62182,29347.12766,6577.597524,Storage_Charging_Station,2,4430
20404.41514,29332.61072,6577.118362,Maintenance_Shop,1,4430
20584.14822,29356.94806,6577.607362,Maintenance_Shop,2,4430
20414.54063,29243.92581,6575.408007,Personnel_Carrier_Parking_Charging_Station,1,4430
20354.37206,29237.60184,6575.408007,Personnel_Carrier_Parking_Charging_Station,2,4430
21368.13707,28174.84219,6668.697168,Truck_Battery_Swap_Station,1,4300
21352.89422,28223.61014,6670.968608,Truck_Battery_Swap_Station,2,4300
20925.1391,29092.30801,6139.131731,Truck_Side_Loading_Location,1,4860
20790.36476,29082.07136,6134.968478,Truck_Side_Loading_Location,2,4860
20684.80957,28256.48614,6297.7362,HW_Drift,1,4700
20678.27582,28331.16714,6295.487212,HW_Drift,2,4700
20641.22982,29024.31232,6311.108009,HW_Drift,1,4660
20647.23129,28955.71527,6309.042237,HW_Drift,2,4660
20140.85816,30410.16785,6743.427152,FW_Drift,1,4260
19944.29218,30607.82239,6736.588507,FW_Drift,2,4260
19893.41553,30633.17134,6738.293764,FW_Drift,3,4260
19842.51074,30658.53696,6740,FW_Drift,4,4260
19673.79866,30448.45154,7265,FW_Drift,1,3735
19974.07363,30323.15589,7255.238965,FW_Drift,2,3735
20070.93826,30238.45303,7251.378707,FW_Drift,3,3735
20138.30782,30179.54201,7254.063525,FW_Drift,4,3735
20150.42103,30108.98455,7256.211216,FW_Drift,5,3735
20159.1557,30058.10654,7257.759886,FW_Drift,6,3735
19639.06711,30486.33247,7125,FW_Drift,1,3875
19545.41389,30512.65557,7122.081503,FW_Drift,2,3875
19410.20527,30661.88222,7116.040396,FW_Drift,3,3875
19294.45582,30946.90127,7123.72542,FW_Drift,4,3875
19293.90762,31038.13616,7126.462517,FW_Drift,5,3875
19639.06711,30486.33247,7125,FW_Drift,1,3875
19919.04154,30406.32803,7116.26453,FW_Drift,2,3875
20044.03373,30310.91303,7119.411483,FW_Drift,3,3875
20155.95941,30444.22214,6644.835044,Truck_Side_Loading_Location,1,4360
20122.35034,30478.54047,6641.956808,Truck_Side_Loading_Location,2,4360
20129.40017,30589.40141,6542.32566,Truck_Side_Loading_Location,1,4460
20115.07969,30596.48373,6542.804942,Truck_Side_Loading_Location,2,4460
19922.75694,30294.1906,6510.871839,Truck_Chute,1,4560
19986.22917,30396.29181,6514.478506,Truck_Chute,2,4560
19905.09361,30157.3209,7677.075048,Truck_Chute,1,3315
19828.38744,30165.80388,7679.390262,Truck_Chute,2,3315
20044.03373,30310.91303,7119.411483,Ore_Pass_Access,1,3875
20001.31092,30253.76126,7121.552139,Ore_Pass_Access,2,3875
20047.10707,30709.167,6445.445137,Personnel_Carrier_Parking_Charging_Station,1,4560
20026.67999,30654.66953,6445.445137,Personnel_Carrier_Parking_Charging_Station,2,4560
19808.6883,30829.54156,6437.292065,Storage_Charging_Station,1,4560
19869.51796,30886.30416,6437.292065,Storage_Charging_Station,2,4560
19731.56661,30181.55264,7135.668309,Personnel_Carrier_Parking_Charging_Station,1,3875
19781.80526,30214.35626,7135.668309,Personnel_Carrier_Parking_Charging_Station,2,3875
19758.90295,30139.6871,7137.168309,Storage_Charging_Station,1,3875
19834.09316,30188.78297,7137.168309,Storage_Charging_Station,2,3875
19649.62185,29967.63832,8521.019303,Ore_Pass,1,3315
19828.38744,30165.80388,7679.390262,Ore_Pass,2,3315
19938.03398,30202.21077,7675.404771,Ore_Pass_Access,1,3315
19905.09361,30157.3209,7677.075048,Ore_Pass_Access,2,3315
19846.56748,30077.56374,7680.042679,Ore_Pass_Access,3,3315
19846.56748,30077.56374,7680.042679,Ore_Pass,1,3875
19945.31988,30188.33634,7130.344872,Ore_Pass,2,3875
20001.31092,30253.76126,7121.552139,Ore_Pass,1,4560
19986.22917,30396.29181,6514.478506,Ore_Pass,2,4560
19622.67231,30443.59367,7682.730667,Storage_Charging_Station,1,3315
19681.03122,30484.45702,7684.867959,Storage_Charging_Station,2,3315
19893.41553,30633.17134,6738.293764,Storage_Charging_Station,1,4260
19967.37522,30684.95848,6741.002407,Storage_Charging_Station,2,4260
19944.29218,30607.82239,6736.588507,Personnel_Carrier_Parking_Charging_Station,1,4260
20001.35546,30647.71323,6738.675318,Personnel_Carrier_Parking_Charging_Station,2,4260
19454.6849,30090.81086,8528.363634,Truck_Side_Loading_Location,1,2315
19535.16043,30168.5685,8525,Truck_Side_Loading_Location,2,2315
19454.62661,30093.45518,8388.361717,Truck_Side_Loading_Location,1,2475
19536.93614,30169.87047,8385,Truck_Side_Loading_Location,2,2475
19502.46923,30109.40842,8248.399388,Truck_Side_Loading_Location,1,2755
19571.47885,30197.96546,8245,Truck_Side_Loading_Location,2,2755
19552.04146,30142.96447,8108.617829,Truck_Side_Loading_Location,1,2895
19629.92484,30235.03599,8105,Truck_Side_Loading_Location,2,2895
19519.58996,30181.40735,7968.501053,Truck_Side_Loading_Location,1,3035
19591.24679,30269.08569,7965,Truck_Side_Loading_Location,2,3035
19566.53622,30210.50126,7828.391665,Truck_Side_Loading_Location,1,3175
19635.3681,30299.85001,7825,Truck_Side_Loading_Location,2,3175
19570.22159,30276.34957,7690.146657,Truck_Side_Loading_Location,1,3315
19682.96205,30395.17851,7685,Truck_Side_Loading_Location,2,3315
19596.7308,30383.61606,7548.269496,Truck_Side_Loading_Location,1,3455
19661.71408,30471.10614,7545,Truck_Side_Loading_Location,2,3455
19597.30915,30398.66796,7408.000259,Truck_Side_Loading_Location,1,3595
19640.8145,30486.81796,7405,Truck_Side_Loading_Location,2,3595
19634.7711,30368.68016,7267.6642,Truck_Side_Loading_Location,1,3735
19673.79866,30448.45154,7265,Truck_Side_Loading_Location,2,3735
19600.77636,30363.71988,7129.965197,Truck_Side_Loading_Location,1,3875
19639.06711,30486.33247,7125,Truck_Side_Loading_Location,2,3875
19585.10456,30417.37475,7043.76246,Truck_Side_Loading_Location,1,3960
19621.72499,30534.79493,7040,Truck_Side_Loading_Location,2,3960
19616.79145,30454.69643,6944.065125,Truck_Side_Loading_Location,1,4060
19670.86682,30580.95436,6940,Truck_Side_Loading_Location,2,4060
19659.38955,30486.36031,6845.383791,Truck_Side_Loading_Location,1,4160
19739.90933,30652.0559,6840,Truck_Side_Loading_Location,2,4160
19779.42909,30535.43678,6744.058298,Truck_Side_Loading_Location,1,4260
19842.51074,30658.53696,6740,Truck_Side_Loading_Location,2,4260
19222.34555,30760.38606,8620.396444,Truck_Side_Loading_Location,1,2375
19269.709,30763.55091,8623.626905,Truck_Side_Loading_Location,2,2375
19313.7756,30744.08938,8629.465021,Truck_Side_Loading_Location,3,2375
19347.08479,30708.42836,8632.815427,Truck_Side_Loading_Location,4,2375
19444.50332,30594.45731,8628.317451,Truck_Side_Loading_Location,5,2375
19167.77084,30762.20974,8703.977273,Truck_Side_Loading_Location,1,2275
19201.84023,30737.80783,8706.489263,Truck_Side_Loading_Location,2,2275
19329.9401,30664.4378,8728.633991,Truck_Side_Loading_Location,3,2275
19378.53957,30636.8162,8730.726169,Truck_Side_Loading_Location,4,2275
18866.69198,30635.30912,8981.612341,Truck_Side_Loading_Location,1,2000
19010.84474,30646.95031,8991.711248,Truck_Side_Loading_Location,2,2000
18989.09498,30729.87532,8895.506766,Truck_Side_Loading_Location,1,2100
19065.75565,30633.50598,8894.99985,Truck_Side_Loading_Location,2,2100
18993.24274,30753.23067,8797.633073,Truck_Side_Loading_Location,1,2200
19039.12018,30675.89436,8794.499303,Truck_Side_Loading_Location,2,2200
19790.16989,30668.73198,6439.180436,Truck_Side_Loading_Location,1,4560
19849.74507,30785.7074,6439.094608,Truck_Side_Loading_Location,2,4560
19293.90762,31038.13616,7126.462517,Maintenance_Shop,1,4430
19113.10315,31029.61085,7126.462517,Maintenance_Shop,2,4430
20159.1557,30058.10654,7257.759886,Powder_Mag,1,4300
20082.34069,30044.56198,7257.759886,Powder_Mag,2,4300
20150.42103,30108.98455,7256.211216,Fuse_Mag,1,4300
20115.95276,30102.90686,7256.211216,Fuse_Mag,2,4300
19762.44467,30335.04809,7682.010044,Personnel_Carrier_Parking_Charging_Station,1,3315
19724.71188,30290.17759,7682.010044,Personnel_Carrier_Parking_Charging_Station,2,3315
23430.4609,26357.62879,7071.186164,Truck_dumping_location,1,3935
23430.36224,26384.51618,7069.121094,Truck_dumping_location,2,3935
23161.79287,26470.45914,7042.685395,Shaft_Access,1,3935
23199.64153,26374.39068,7040.565988,Shaft_Access,2,3935
23234.95975,26363.00757,7040.73181,Shaft_Access,3,3935
23304.15971,26352.98279,7040.687833,Shaft_Access,4,3935
23311.44864,26335.74369,7038.906727,Shaft_Access,5,3935
23337.97203,26312.75681,7035.733164,Shaft_Access,6,3935
23405.23897,26265.73119,7032.214307,Shaft_Access,7,3935
23491.39669,26198.77108,7024.554541,Shaft_Access,8,3935
23498.61446,26197.50494,7024.810554,Shaft_Access,9,3935
23513.9651,26241.41611,7024.930285,Shaft_Access,10,3935
23602.80287,26291.60371,7024.898819,Shaft_Access,11,3935
23931.29398,26260.49135,7024.314691,Shaft_Access,12,3935
23947.03559,26255.17549,7024.351832,Shaft_Access,13,3935
24012.91523,26179.71054,7023.878767,Shaft_Access,14,3935
24037.87994,26158.33862,7023.653151,Shaft_Access,15,3935
24072.54596,26145.55992,7023.400332,Shaft_Access,16,3935
24107.4166,26146.00452,7022.907981,Shaft_Access,17,3935
24129.72281,26151.82061,7022.560858,Shaft_Access,18,3935
24208.26634,26190.63274,7022.302753,Shaft_Access,19,3935
23453.05871,26517.98589,7065.939941,6400_Rock_Storage,1,3935
23623.95258,26568.61375,7069.219238,6400_Rock_Storage,2,3935
23416.32046,26539.49009,7064.361641,6402_Ore_Storage,1,3935
23462.66254,26608.52368,7070.216318,6402_Ore_Storage,2,3935
23487.73861,26656.81707,7070.065304,6402_Ore_Storage,3,3935
23449.7224,26477.22946,7067.883259,Rock_Storage,1,3935
23409.99958,26463.31156,7069.230143,Rock_Storage,2,3935
23394.10494,26451.65825,7069.273254,Rock_Storage,3,3935
23375.77016,26420.04714,7069.373854,Rock_Storage,4,3935
23371.37317,26369.68575,7071.166016,Rock_Storage,5,3935
24208.26749,26190.63562,6999.015345,Shaft_Bin,1,3935
24170.74205,26268.22129,7142.244284,Shaft_Bin,2,3935
23430.4609,26357.62879,7071.186164,4000L_Jaw_Crusher,1,3935
23449.86251,26335.23891,7045,4000L_Jaw_Crusher,2,3935
23460.06782,26326.75341,6962,4000L_Jaw_Crusher,3,3935
23460.06782,26326.75341,6962,4000L_Conveyor,1,3935
23525.01838,26325.05214,6962,4000L_Conveyor,2,3935
23613.64625,26317.42688,6992.634863,4000L_Conveyor,3,3935
24170.74205,26268.22129,7142.244284,4000L_Conveyor,4,3935
21482.34242,28220.15997,6666.575903,Main_Ramp_to_4430L_1,1,4300
21443.78751,28198.77448,6666.640755,Main_Ramp_to_4430L_1,2,4300
21368.13707,28174.84219,6668.697168,Main_Ramp_to_4430L_1,3,4300
21315.14273,28161.18776,6669.247192,Main_Ramp_to_4430L_1,4,4300
21294.08969,28155.76326,6669.4657,Main_Ramp_to_4430L_1,5,4300
23476.11693,26224.86561,7561.904012,Truck_dumping_location_Rock,1,3400
23449.01911,26276.73883,7563.100098,Truck_dumping_location_Rock,2,3400
24208.27615,26190.65724,6824,CCMN_Skip_Hoist,1,0
24208.26634,26190.63274,7022.302753,CCMN_Skip_Hoist,2,0
24208.2398,26190.56649,7558.602327,CCMN_Skip_Hoist,3,0
24208.07152,26190.1464,10959,CCMN_Skip_Hoist,4,0
23371.37317,26369.68575,7071.166016,2020_Waste_Pass,1,3935
23449.01911,26276.73883,7563.100098,2020_Waste_Pass,2,3935
23491.07213,26523.542,7571.797472,2639_Ore_Pass,1,3935
23487.73861,26656.81707,7070.065304,2639_Ore_Pass,2,3935
23586.87611,26530.52648,7567.908047,Truck_dumping_location_Ore,1,3400
23581.5293,26536.7793,7568.87207,Truck_dumping_location_Ore,2,3400
23542.49023,26535.7793,7570.022949,Truck_dumping_location_Ore,3,3400
23491.07213,26523.542,7571.797472,Truck_dumping_location_Ore,4,3400
23024.5651,26717.50084,7559.862716,Truck_Battery_Swap_Station,1,3400
22992.29152,26845.70158,7557.838764,Truck_Battery_Swap_Station,2,3400
23443.27332,26425.5083,7068.016517,Lateral_Rock_Storage,1,3935
23501.68245,26403.5735,7068.724961,Lateral_Rock_Storage,2,3935
23639.83572,26524.12183,7069.219,Lateral_Rock_Storage,3,3935
23405.23897,26265.73119,7032.214307,Storage_Charging_Station,1,3935
23315.77916,26242.50342,7031.399902,Storage_Charging_Station,2,3935
23337.97203,26312.75681,7035.733164,Personnel_Carrier_Parking_Charging_Station,1,3935
23280.14982,26282.8794,7035.186583,Personnel_Carrier_Parking_Charging_Station,2,3935
23754.38971,25977.37347,7559.787802,Storage_Charging_Station,1,3400
23704.23561,26008.89127,7560.067109,Storage_Charging_Station,2,3400
23544.86815,26001.6746,7560.069217,Personnel_Carrier_Parking_Charging_Station,1,3400
23487.58265,25979.40652,7562.073394,Personnel_Carrier_Parking_Charging_Station,2,3400
19616.94463,30357.0959,7129.378773,191OB_Internal_Ramp_Upper,1,3875
19600.77636,30363.71988,7129.965197,191OB_Internal_Ramp_Upper,2,3875
19562.07222,30379.5766,7131.368998,191OB_Internal_Ramp_Upper,3,3875
19462.78228,30420.25473,7147.463937,191OB_Internal_Ramp_Upper,4,3875
19436.0191,30427.09619,7151.617469,191OB_Internal_Ramp_Upper,5,3875
19394.93972,30423.13484,7157.847769,191OB_Internal_Ramp_Upper,6,3875
19369.97701,30411.30535,7162.001301,191OB_Internal_Ramp_Upper,7,3875
19349.20315,30393.09764,7166.154834,191OB_Internal_Ramp_Upper,8,3875
19336.58117,30372.4981,7168.091262,191OB_Internal_Ramp_Upper,9,3875
19329.11098,30348.68124,7168.922329,191OB_Internal_Ramp_Upper,10,3875
19327.74981,30323.75743,7169.752996,191OB_Internal_Ramp_Upper,11,3875
19332.559,30299.34387,7171.796765,191OB_Internal_Ramp_Upper,12,3875
19353.96082,30262.96801,7178.175405,191OB_Internal_Ramp_Upper,13,3875
19388.46318,30238.66105,7184.554044,191OB_Internal_Ramp_Upper,14,3875
19607.01462,30164.06855,7219.19454,191OB_Internal_Ramp_Upper,15,3875
19634.14555,30158.87369,7223.348073,191OB_Internal_Ramp_Upper,16,3875
19661.6626,30161.2998,7227.501605,191OB_Internal_Ramp_Upper,17,3875
19687.46601,30171.16175,7231.655138,191OB_Internal_Ramp_Upper,18,3875
19709.58679,30187.70698,7235.808671,191OB_Internal_Ramp_Upper,19,3875
19726.33696,30209.67299,7239.962203,191OB_Internal_Ramp_Upper,20,3875
19738.73319,30249.0372,7246.192502,191OB_Internal_Ramp_Upper,21,3875
19737.59197,30276.6374,7250.346035,191OB_Internal_Ramp_Upper,22,3875
19721.98832,30314.84387,7256.576334,191OB_Internal_Ramp_Upper,23,3875
19703.48191,30335.35207,7260.729867,191OB_Internal_Ramp_Upper,24,3875
19679.66648,30350.35233,7264.743987,191OB_Internal_Ramp_Upper,25,3875
19634.7711,30368.68016,7267.6642,191OB_Internal_Ramp_Upper,26,3875
19589.34667,30387.30044,7270.36919,191OB_Internal_Ramp_Upper,27,3875
19493.81546,30425.66573,7284.924262,191OB_Internal_Ramp_Upper,28,3875
19466.3712,30428.80997,7289.077795,191OB_Internal_Ramp_Upper,29,3875
19426.21012,30419.3076,7295.308094,191OB_Internal_Ramp_Upper,30,3875
19393.30639,30394.39671,7301.538393,191OB_Internal_Ramp_Upper,31,3875
19373.26421,30358.32014,7307.768692,191OB_Internal_Ramp_Upper,32,3875
19369.49718,30317.22249,7313.998991,191OB_Internal_Ramp_Upper,33,3875
19382.64689,30278.10354,7320.22929,191OB_Internal_Ramp_Upper,34,3875
19410.47367,30247.62605,7326.459589,191OB_Internal_Ramp_Upper,35,3875
19434.91915,30234.76165,7330.613122,191OB_Internal_Ramp_Upper,36,3875
19627.57359,30170.75132,7361.064915,191OB_Internal_Ramp_Upper,37,3875
19672.629,30168.74601,7367.888576,191OB_Internal_Ramp_Upper,38,3875
19713.99941,30186.75318,7374.715236,191OB_Internal_Ramp_Upper,39,3875
19731.33727,30203.17567,7376.609665,191OB_Internal_Ramp_Upper,40,3875
19744.76692,30224.21589,7377.440732,191OB_Internal_Ramp_Upper,41,3875
19752.58849,30247.91974,7378.271399,191OB_Internal_Ramp_Upper,42,3875
19754.37003,30271.75441,7380.166827,191OB_Internal_Ramp_Upper,43,3875
19749.32404,30298.91342,7384.32036,191OB_Internal_Ramp_Upper,44,3875
19728.457,30334.51924,7390.550659,191OB_Internal_Ramp_Upper,45,3875
19707.22784,30352.19398,7394.704192,191OB_Internal_Ramp_Upper,46,3875
19642.56496,30380.13488,7405.278364,191OB_Internal_Ramp_Upper,47,3875
19597.30915,30398.66796,7408.000259,191OB_Internal_Ramp_Upper,48,3875
19551.96651,30416.98758,7410.722155,191OB_Internal_Ramp_Upper,49,3875
19437.93947,30462.02379,7429.116371,191OB_Internal_Ramp_Upper,50,3875
19396.69866,30463.57384,7435.34667,191OB_Internal_Ramp_Upper,51,3875
19370.13528,30455.04481,7439.542202,191OB_Internal_Ramp_Upper,52,3875
19350.61164,30441.29247,7441.436631,191OB_Internal_Ramp_Upper,53,3875
19334.28991,30422.40734,7442.267698,191OB_Internal_Ramp_Upper,54,3875
19323.13386,30400.07818,7443.098365,191OB_Internal_Ramp_Upper,55,3875
19317.93592,30376.74908,7444.993793,191OB_Internal_Ramp_Upper,56,3875
19318.53101,30352.09567,7448.702305,191OB_Internal_Ramp_Upper,57,3875
19325.1413,30328.33753,7452.410816,191OB_Internal_Ramp_Upper,58,3875
19337.36476,30306.91952,7456.119327,191OB_Internal_Ramp_Upper,59,3875
19355.22926,30288.52508,7459.976179,191OB_Internal_Ramp_Upper,60,3875
19551.5419,30166.0097,7494.690845,191OB_Internal_Ramp_Upper,61,3875
19576.80467,30154.83535,7498.844378,191OB_Internal_Ramp_Upper,62,3875
19604.16077,30150.999,7502.99791,191OB_Internal_Ramp_Upper,63,3875
19644.54903,30159.48406,7509.228209,191OB_Internal_Ramp_Upper,64,3875
19668.04859,30174.00454,7513.381742,191OB_Internal_Ramp_Upper,65,3875
19693.7061,30206.32945,7519.612041,191OB_Internal_Ramp_Upper,66,3875
19702.51369,30232.5115,7523.765574,191OB_Internal_Ramp_Upper,67,3875
19701.61001,30273.77154,7529.995873,191OB_Internal_Ramp_Upper,68,3875
19691.66453,30299.54287,7534.149405,191OB_Internal_Ramp_Upper,69,3875
19675.04772,30321.60994,7538.302938,191OB_Internal_Ramp_Upper,70,3875
19634.33002,30354.37568,7545.57248,191OB_Internal_Ramp_Upper,71,3875
19596.58111,30383.86836,7548.264389,191OB_Internal_Ramp_Upper,72,3875
19558.27522,30413.80541,7551.011635,191OB_Internal_Ramp_Upper,73,3875
19523.38923,30439.84506,7557.247837,191OB_Internal_Ramp_Upper,74,3875
19497.79899,30450.24762,7561.40137,191OB_Internal_Ramp_Upper,75,3875
19470.33907,30453.25203,7565.554902,191OB_Internal_Ramp_Upper,76,3875
19443.10486,30448.62905,7569.708435,191OB_Internal_Ramp_Upper,77,3875
19418.17455,30436.73144,7573.861968,191OB_Internal_Ramp_Upper,78,3875
19389.17604,30407.36659,7580.092267,191OB_Internal_Ramp_Upper,79,3875
19377.59232,30382.28889,7584.245799,191OB_Internal_Ramp_Upper,80,3875
19374.03466,30341.17259,7590.476098,191OB_Internal_Ramp_Upper,81,3875
19381.13868,30314.47789,7594.629631,191OB_Internal_Ramp_Upper,82,3875
19515.51745,30055.377,7638.432065,191OB_Internal_Ramp_Upper,83,3875
19538.92418,30034.27558,7643.178959,191OB_Internal_Ramp_Upper,84,3875
19568.69267,30021.25777,7648.074194,191OB_Internal_Ramp_Upper,85,3875
19600.07694,30018.39901,7652.821089,191OB_Internal_Ramp_Upper,86,3875
19630.79599,30025.4506,7657.568562,191OB_Internal_Ramp_Upper,87,3875
19630.79242,30025.44916,7657.567983,191OB_Internal_Ramp_Upper,88,3875
19651.71083,30036.97749,7659.46299,191OB_Internal_Ramp_Upper,89,3875
19670.00634,30053.95751,7660.294057,191OB_Internal_Ramp_Upper,90,3875
19683.5453,30074.92762,7661.124724,191OB_Internal_Ramp_Upper,91,3875
19691.27185,30097.54545,7663.020153,191OB_Internal_Ramp_Upper,92,3875
19692.45972,30138.86303,7669.250452,191OB_Internal_Ramp_Upper,93,3875
19685.0228,30165.48373,7673.403984,191OB_Internal_Ramp_Upper,94,3875
19671.44882,30189.56104,7677.557517,191OB_Internal_Ramp_Upper,95,3875
19652.30431,30209.88029,7681.75305,191OB_Internal_Ramp_Upper,96,3875
19570.22159,30276.34957,7690.146657,191OB_Internal_Ramp_Upper,97,3875
19531.68502,30306.45764,7692.868553,191OB_Internal_Ramp_Upper,98,3875
19466.47433,30352.56404,7704.884129,191OB_Internal_Ramp_Upper,99,3875
19439.69256,30359.3324,7709.037662,191OB_Internal_Ramp_Upper,100,3875
19411.80325,30358.47874,7713.233195,191OB_Internal_Ramp_Upper,101,3875
19388.6685,30352.55567,7715.127623,191OB_Internal_Ramp_Upper,102,3875
19366.70429,30340.69733,7715.95869,191OB_Internal_Ramp_Upper,103,3875
19348.34608,30323.78505,7716.789357,191OB_Internal_Ramp_Upper,104,3875
19335.20259,30303.82223,7718.684785,191OB_Internal_Ramp_Upper,105,3875
19326.79783,30279.59712,7722.541637,191OB_Internal_Ramp_Upper,106,3875
19324.78357,30255.01893,7726.250148,191OB_Internal_Ramp_Upper,107,3875
19328.84544,30230.69516,7729.95866,191OB_Internal_Ramp_Upper,108,3875
19338.73641,30208.10504,7733.667171,191OB_Internal_Ramp_Upper,109,3875
19482.35237,30019.14878,7769.27188,191OB_Internal_Ramp_Upper,110,3875
19501.92463,29999.64978,7773.425413,191OB_Internal_Ramp_Upper,111,3875
19525.97577,29986.05464,7777.578945,191OB_Internal_Ramp_Upper,112,3875
19566.60728,29978.73717,7783.809244,191OB_Internal_Ramp_Upper,113,3875
19606.84835,29987.96329,7790.039543,191OB_Internal_Ramp_Upper,114,3875
19640.23376,30012.25073,7796.269842,191OB_Internal_Ramp_Upper,115,3875
19661.39974,30047.6974,7802.500141,191OB_Internal_Ramp_Upper,116,3875
19666.94571,30088.60837,7808.73044,191OB_Internal_Ramp_Upper,117,3875
19661.41474,30115.67667,7812.883973,191OB_Internal_Ramp_Upper,118,3875
19640.26441,30151.13268,7819.114272,191OB_Internal_Ramp_Upper,119,3875
19605.07279,30180.39319,7825.669769,191OB_Internal_Ramp_Upper,120,3875
19566.53622,30210.50126,7828.391665,191OB_Internal_Ramp_Upper,121,3875
19522.93899,30234.22221,7831.138771,191OB_Internal_Ramp_Upper,122,3875
19423.77693,30288.0928,7847.080322,191OB_Internal_Ramp_Upper,123,3875
19396.87443,30294.36409,7851.233854,191OB_Internal_Ramp_Upper,124,3875
19369.28259,30293.03583,7855.387387,191OB_Internal_Ramp_Upper,125,3875
19331.18276,30277.17361,7861.617686,191OB_Internal_Ramp_Upper,126,3875
19302.73296,30247.27684,7867.847985,191OB_Internal_Ramp_Upper,127,3875
19288.77879,30208.43758,7874.078284,191OB_Internal_Ramp_Upper,128,3875
19288.81986,30180.81382,7878.231817,191OB_Internal_Ramp_Upper,129,3875
19296.41696,30154.25524,7882.38535,191OB_Internal_Ramp_Upper,130,3875
19310.99037,30130.78847,7886.538882,191OB_Internal_Ramp_Upper,131,3875
19468.04651,29959.27365,7921.440889,191OB_Internal_Ramp_Upper,132,3875
19496.91327,29944.36271,7926.336124,191OB_Internal_Ramp_Upper,133,3875
19528.04777,29939.48542,7931.083018,191OB_Internal_Ramp_Upper,134,3875
19559.15405,29944.53955,7935.829913,191OB_Internal_Ramp_Upper,135,3875
19587.93562,29959.61429,7940.725148,191OB_Internal_Ramp_Upper,136,3875
19605.1575,29976.16388,7942.620154,191OB_Internal_Ramp_Upper,137,3875
19618.43485,29997.30055,7943.451222,191OB_Internal_Ramp_Upper,138,3875
19626.08502,30021.06027,7944.281889,191OB_Internal_Ramp_Upper,139,3875
19627.69437,30044.90719,7946.177317,191OB_Internal_Ramp_Upper,140,3875
19622.94123,30072.13544,7950.33085,191OB_Internal_Ramp_Upper,141,3875
19611.82856,30097.44311,7954.484382,191OB_Internal_Ramp_Upper,142,3875
19594.99829,30119.36825,7958.637915,191OB_Internal_Ramp_Upper,143,3875
19557.59521,30150.63131,7965.779157,191OB_Internal_Ramp_Upper,144,3875
19519.58996,30181.40735,7968.501053,191OB_Internal_Ramp_Upper,145,3875
19478.11735,30207.32232,7971.222948,191OB_Internal_Ramp_Upper,146,3875
19408.44446,30246.35977,7983.238525,191OB_Internal_Ramp_Upper,147,3875
19381.10192,30250.29159,7987.392057,191OB_Internal_Ramp_Upper,148,3875
19353.45462,30246.52738,7991.58759,191OB_Internal_Ramp_Upper,149,3875
19331.06574,30238.21852,7993.482018,191OB_Internal_Ramp_Upper,150,3875
19310.46138,30224.12925,7994.313086,191OB_Internal_Ramp_Upper,151,3875
19293.97156,30205.39066,7995.143753,191OB_Internal_Ramp_Upper,152,3875
19282.99375,30184.18207,7997.037181,191OB_Internal_Ramp_Upper,153,3875
19276.98094,30157.2227,8001.192714,191OB_Internal_Ramp_Upper,154,3875
19278.5689,30129.66646,8005.346246,191OB_Internal_Ramp_Upper,155,3875
19287.62964,30103.59405,8009.499779,191OB_Internal_Ramp_Upper,156,3875
19303.47286,30080.99184,8013.653312,191OB_Internal_Ramp_Upper,157,3875
19505.51225,29925.26781,8051.928149,191OB_Internal_Ramp_Upper,158,3875
19542.78907,29907.55529,8058.158448,191OB_Internal_Ramp_Upper,159,3875
19584.04303,29906.36991,8064.388747,191OB_Internal_Ramp_Upper,160,3875
19610.29083,29914.98045,8068.542279,191OB_Internal_Ramp_Upper,161,3875
19642.82619,29940.37229,8074.772578,191OB_Internal_Ramp_Upper,162,3875
19662.36738,29976.72386,8081.002877,191OB_Internal_Ramp_Upper,163,3875
19665.59922,30017.86812,8087.233176,191OB_Internal_Ramp_Upper,164,3875
19651.97345,30056.82493,8093.463475,191OB_Internal_Ramp_Upper,165,3875
19634.55688,30078.26675,8097.617008,191OB_Internal_Ramp_Upper,166,3875
19590.68055,30112.86232,8105.873217,191OB_Internal_Ramp_Upper,167,3875
19552.04146,30142.96447,8108.617829,191OB_Internal_Ramp_Upper,168,3875
19513.60741,30173.07846,8111.317008,191OB_Internal_Ramp_Upper,169,3875
19446.77722,30220.45015,8123.096172,191OB_Internal_Ramp_Upper,170,3875
19419.99545,30227.21851,8127.249704,191OB_Internal_Ramp_Upper,171,3875
19378.92705,30223.14498,8133.480003,191OB_Internal_Ramp_Upper,172,3875
19353.99674,30211.24737,8137.633536,191OB_Internal_Ramp_Upper,173,3875
19324.99823,30181.88252,8143.863835,191OB_Internal_Ramp_Upper,174,3875
19313.41451,30156.80482,8148.017368,191OB_Internal_Ramp_Upper,175,3875
19309.85684,30115.68852,8154.247667,191OB_Internal_Ramp_Upper,176,3875
19323.20563,30076.63705,8160.477966,191OB_Internal_Ramp_Upper,177,3875
19459.04841,29879.45765,8196.418355,191OB_Internal_Ramp_Upper,178,3875
19485.02993,29861.62213,8201.16525,191OB_Internal_Ramp_Upper,179,3875
19514.29143,29852.88787,8205.763804,191OB_Internal_Ramp_Upper,180,3875
19545.79839,29853.56365,8210.510698,191OB_Internal_Ramp_Upper,181,3875
19574.67614,29863.55394,8215.112252,191OB_Internal_Ramp_Upper,182,3875
19594.27151,29877.20387,8217.006681,191OB_Internal_Ramp_Upper,183,3875
19610.6919,29896.00328,8217.837748,191OB_Internal_Ramp_Upper,184,3875
19621.96472,29918.27372,8218.668415,191OB_Internal_Ramp_Upper,185,3875
19627.28474,29941.57529,8220.563843,191OB_Internal_Ramp_Upper,186,3875
19624.08211,29982.78213,8226.794142,191OB_Internal_Ramp_Upper,187,3875
19606.39779,30020.13887,8233.024441,191OB_Internal_Ramp_Upper,188,3875
19540.47447,30078.63239,8245.677493,191OB_Internal_Ramp_Upper,189,3875
19502.46923,30109.40842,8248.399388,191OB_Internal_Ramp_Upper,190,3875
19463.93266,30139.51649,8251.121283,191OB_Internal_Ramp_Upper,191,3875
19386.9981,30198.40809,8265.658648,191OB_Internal_Ramp_Upper,192,3875
19347.78213,30211.2656,8271.888947,191OB_Internal_Ramp_Upper,193,3875
19319.8946,30210.40035,8276.084479,191OB_Internal_Ramp_Upper,194,3875
19297.02817,30203.51369,8277.978908,191OB_Internal_Ramp_Upper,195,3875
19275.57981,30190.74599,8278.809975,191OB_Internal_Ramp_Upper,196,3875
19257.94591,30173.07978,8279.640642,191OB_Internal_Ramp_Upper,197,3875
19245.6499,30152.58408,8281.53607,191OB_Internal_Ramp_Upper,198,3875
19237.13777,30105.35975,8288.804752,191OB_Internal_Ramp_Upper,199,3875
19251.6045,30059.60707,8296.073435,191OB_Internal_Ramp_Upper,200,3875
19384.91568,29876.56051,8330.046398,191OB_Internal_Ramp_Upper,201,3875
19406.61748,29859.4694,8334.199931,191OB_Internal_Ramp_Upper,202,3875
19432.16723,29848.96778,8338.353464,191OB_Internal_Ramp_Upper,203,3875
19473.39799,29847.17019,8344.583763,191OB_Internal_Ramp_Upper,204,3875
19499.76477,29855.40834,8348.737295,191OB_Internal_Ramp_Upper,205,3875
19532.6381,29880.35933,8354.967594,191OB_Internal_Ramp_Upper,206,3875
19552.63628,29916.4603,8361.197893,191OB_Internal_Ramp_Upper,207,3875
19557.02271,29943.7336,8365.351426,191OB_Internal_Ramp_Upper,208,3875
19549.35266,29984.28453,8371.581725,191OB_Internal_Ramp_Upper,209,3875
19535.30832,30008.07172,8375.735258,191OB_Internal_Ramp_Upper,210,3875
19488.28964,30057.98176,8385.639821,191OB_Internal_Ramp_Upper,211,3875
19454.62661,30093.45518,8388.361717,191OB_Internal_Ramp_Upper,212,3875
19421.90371,30129.79765,8391.083612,191OB_Internal_Ramp_Upper,213,3875
19357.68815,30195.41427,8404.249254,191OB_Internal_Ramp_Upper,214,3875
19332.48857,30206.7304,8408.402787,191OB_Internal_Ramp_Upper,215,3875
19291.33673,30209.85022,8414.633086,191OB_Internal_Ramp_Upper,216,3875
19252.42956,30196.08652,8420.863385,191OB_Internal_Ramp_Upper,217,3875
19222.39375,30167.78355,8427.093684,191OB_Internal_Ramp_Upper,218,3875
19206.34504,30129.7619,8433.323983,191OB_Internal_Ramp_Upper,219,3875
19207.01685,30088.49743,8439.554282,191OB_Internal_Ramp_Upper,220,3875
19224.29475,30051.01835,8445.784581,191OB_Internal_Ramp_Upper,221,3875
19391.16217,29868.40907,8482.911695,191OB_Internal_Ramp_Upper,222,3875
19419.23278,29854.08476,8487.658589,191OB_Internal_Ramp_Upper,223,3875
19449.37835,29849.20956,8492.257143,191OB_Internal_Ramp_Upper,224,3875
19480.53309,29853.95582,8497.004038,191OB_Internal_Ramp_Upper,225,3875
19508.66371,29868.16192,8501.750932,191OB_Internal_Ramp_Upper,226,3875
19526.18487,29884.41791,8503.64836,191OB_Internal_Ramp_Upper,227,3875
19539.82908,29905.31964,8504.479427,191OB_Internal_Ramp_Upper,228,3875
19547.89274,29928.94223,8505.310095,191OB_Internal_Ramp_Upper,229,3875
19549.91804,29952.75743,8507.205523,191OB_Internal_Ramp_Upper,230,3875
19545.15018,29979.96664,8511.359056,191OB_Internal_Ramp_Upper,231,3875
19533.12005,30004.83328,8515.512588,191OB_Internal_Ramp_Upper,232,3875
19488.03709,30055.04502,8525.641739,191OB_Internal_Ramp_Upper,233,3875
19454.6849,30090.81086,8528.363634,191OB_Internal_Ramp_Upper,234,3875
19421.33272,30126.57669,8531.08553,191OB_Internal_Ramp_Upper,235,3875
19311.42936,30244.49814,8555.265024,191OB_Internal_Ramp_Upper,236,3875
19295.82781,30268.44538,8559.566897,191OB_Internal_Ramp_Upper,237,3875
19287.78753,30294.85033,8563.720429,191OB_Internal_Ramp_Upper,238,3875
19263.40875,30468.2062,8589.97969,191OB_Internal_Ramp_Upper,239,3875
19249.79661,30565.06157,8595.42348,191OB_Internal_Ramp_Upper,240,3875
19229.15161,30711.95838,8617.674548,191OB_Internal_Ramp_Upper,241,3875
19215.53948,30808.81375,8623.118339,191OB_Internal_Ramp_Upper,242,3875
19201.86315,30882.5044,8634.392214,191OB_Internal_Ramp_Upper,243,3875
19187.78573,30906.24664,8638.545746,191OB_Internal_Ramp_Upper,244,3875
19166.94639,30925.80682,8642.847619,191OB_Internal_Ramp_Upper,245,3875
19139.54374,30939.28336,8647.446173,191OB_Internal_Ramp_Upper,246,3875
19108.36274,30943.854,8652.193068,191OB_Internal_Ramp_Upper,247,3875
19078.24512,30938.80901,8656.791622,191OB_Internal_Ramp_Upper,248,3875
19051.05431,30924.91,8661.390176,191OB_Internal_Ramp_Upper,249,3875
19027.59355,30901.04469,8666.433751,191OB_Internal_Ramp_Upper,250,3875
19013.32065,30870.77516,8671.477327,191OB_Internal_Ramp_Upper,251,3875
19009.77601,30838.4787,8676.372562,191OB_Internal_Ramp_Upper,252,3875
19017.14387,30805.83402,8681.416137,191OB_Internal_Ramp_Upper,253,3875
19034.86992,30777.44834,8686.459713,191OB_Internal_Ramp_Upper,254,3875
19060.10735,30756.98622,8691.354947,191OB_Internal_Ramp_Upper,255,3875
19091.54436,30745.51127,8696.398523,191OB_Internal_Ramp_Upper,256,3875
19124.04889,30744.90678,8701.296758,191OB_Internal_Ramp_Upper,257,3875
19147.13108,30751.03151,8703.191186,191OB_Internal_Ramp_Upper,258,3875
19168.99097,30763.08107,8704.022253,191OB_Internal_Ramp_Upper,259,3875
19187.20089,30780.15291,8704.85292,191OB_Internal_Ramp_Upper,260,3875
19200.16968,30800.22966,8706.748349,191OB_Internal_Ramp_Upper,261,3875
19209.81274,30834.30564,8712.088605,191OB_Internal_Ramp_Upper,262,3875
19206.97408,30869.60582,8717.428861,191OB_Internal_Ramp_Upper,263,3875
19192.00972,30901.70299,8722.769118,191OB_Internal_Ramp_Upper,264,3875
19166.79642,30926.57166,8728.109374,191OB_Internal_Ramp_Upper,265,3875
19124.79841,30943.00875,8734.933035,191OB_Internal_Ramp_Upper,266,3875
19002.83202,30955.91184,8753.330251,191OB_Internal_Ramp_Upper,267,3875
18975.22405,30954.97717,8757.483784,191OB_Internal_Ramp_Upper,268,3875
18948.92514,30946.52488,8761.637316,191OB_Internal_Ramp_Upper,269,3875
18925.94209,30931.19996,8765.790849,191OB_Internal_Ramp_Upper,270,3875
18901.41846,30898.0066,8772.021148,191OB_Internal_Ramp_Upper,271,3875
18893.52211,30871.53546,8776.174681,191OB_Internal_Ramp_Upper,272,3875
18895.85294,30830.33139,8782.40498,191OB_Internal_Ramp_Upper,273,3875
18906.68421,30804.91964,8786.558512,191OB_Internal_Ramp_Upper,274,3875
18924.05463,30783.44076,8790.712045,191OB_Internal_Ramp_Upper,275,3875
18946.87874,30767.38956,8794.907578,191OB_Internal_Ramp_Upper,276,3875
18968.67138,30757.62328,8796.802006,191OB_Internal_Ramp_Upper,277,3875
18993.24274,30753.23067,8797.633073,191OB_Internal_Ramp_Upper,278,3875
19018.13817,30755.03811,8798.46374,191OB_Internal_Ramp_Upper,279,3875
19040.83339,30762.4707,8800.357168,191OB_Internal_Ramp_Upper,280,3875
19070.4812,30783.60014,8805.847765,191OB_Internal_Ramp_Upper,281,3875
19090.59235,30813.92433,8811.336362,191OB_Internal_Ramp_Upper,282,3875
19098.55365,30850.42518,8816.973299,191OB_Internal_Ramp_Upper,283,3875
19092.89656,30886.36974,8822.461896,191OB_Internal_Ramp_Upper,284,3875
19074.10855,30918.66069,8828.098833,191OB_Internal_Ramp_Upper,285,3875
19045.65527,30941.34162,8833.58743,191OB_Internal_Ramp_Upper,286,3875
19009.98852,30952.45814,8839.224367,191OB_Internal_Ramp_Upper,287,3875
18973.68739,30949.95969,8844.712964,191OB_Internal_Ramp_Upper,288,3875
18945.62002,30937.92865,8849.311518,191OB_Internal_Ramp_Upper,289,3875
18888.78067,30896.77264,8859.84669,191OB_Internal_Ramp_Upper,290,3875
18869.41599,30870.68364,8864.741925,191OB_Internal_Ramp_Upper,291,3875
18859.43724,30839.76357,8869.63716,191OB_Internal_Ramp_Upper,292,3875
18861.11722,30801.47034,8875.422438,191OB_Internal_Ramp_Upper,293,3875
18877.07953,30766.62212,8881.207715,191OB_Internal_Ramp_Upper,294,3875
18904.97901,30740.33879,8886.992993,191OB_Internal_Ramp_Upper,295,3875
18940.73636,30726.47841,8892.781271,191OB_Internal_Ramp_Upper,296,3875
18964.58147,30725.17058,8894.675699,191OB_Internal_Ramp_Upper,297,3875
18989.09498,30729.87532,8895.506766,191OB_Internal_Ramp_Upper,298,3875
19011.68913,30740.48443,8896.337433,191OB_Internal_Ramp_Upper,299,3875
19030.21335,30755.55659,8898.230861,191OB_Internal_Ramp_Upper,300,3875
19049.11862,30783.19481,8903.276437,191OB_Internal_Ramp_Upper,301,3875
19057.83793,30815.50477,8908.320012,191OB_Internal_Ramp_Upper,302,3875
19055.40862,30848.88229,8913.363588,191OB_Internal_Ramp_Upper,303,3875
19042.10279,30879.5892,8918.407163,191OB_Internal_Ramp_Upper,304,3875
19019.41063,30904.18647,8923.450738,191OB_Internal_Ramp_Upper,305,3875
18989.87356,30919.9193,8928.494314,191OB_Internal_Ramp_Upper,306,3875
18956.79963,30925.02566,8933.537889,191OB_Internal_Ramp_Upper,307,3875
18923.89297,30918.93368,8938.581465,191OB_Internal_Ramp_Upper,308,3875
18884.77961,30892.82873,8945.701806,191OB_Internal_Ramp_Upper,309,3875
18861.6632,30850.77846,8952.970489,191OB_Internal_Ramp_Upper,310,3875
18858.29548,30824.37018,8956.975681,191OB_Internal_Ramp_Upper,311,3875
18863.01927,30687.95909,8977.449663,191OB_Internal_Ramp_Upper,312,3875
18866.6937,30635.30926,8981.612461,191OB_Internal_Ramp_Upper,313,3875
19692.10226,30241.99219,7133.502822,191OB_Internal_Ramp_Lower,1,4260
19650.61524,30236.07587,7130.990832,191OB_Internal_Ramp_Lower,2,4260
19573.1568,30226.09649,7119.271936,191OB_Internal_Ramp_Lower,3,4260
19507.61764,30241.25593,7109.142786,191OB_Internal_Ramp_Lower,4,4260
19413.89653,30269.23103,7103.698995,191OB_Internal_Ramp_Lower,5,4260
19377.63761,30288.94139,7097.468696,191OB_Internal_Ramp_Lower,6,4260
19359.28882,30309.59074,7093.315163,191OB_Internal_Ramp_Lower,7,4260
19347.28957,30334.4723,7089.16163,191OB_Internal_Ramp_Lower,8,4260
19343.04848,30375.52373,7082.931331,191OB_Internal_Ramp_Lower,9,4260
19349.70748,30402.3329,7078.777799,191OB_Internal_Ramp_Lower,10,4260
19363.44715,30426.29736,7074.624266,191OB_Internal_Ramp_Lower,11,4260
19394.91063,30453.00423,7068.393967,191OB_Internal_Ramp_Lower,12,4260
19434.47936,30464.73123,7062.163668,191OB_Internal_Ramp_Lower,13,4260
19475.41398,30459.48102,7055.933369,191OB_Internal_Ramp_Lower,14,4260
19532.91698,30437.40769,7046.694261,191OB_Internal_Ramp_Lower,15,4260
19585.10456,30417.37475,7043.76246,191OB_Internal_Ramp_Lower,16,4260
19630.70301,30399.7444,7041.038564,191OB_Internal_Ramp_Lower,17,4260
19653.06839,30383.53134,7036.885032,191OB_Internal_Ramp_Lower,18,4260
19670.14472,30361.81792,7032.731499,191OB_Internal_Ramp_Lower,19,4260
19683.1274,30322.64321,7026.5012,191OB_Internal_Ramp_Lower,20,4260
19679.18504,30281.56201,7020.270901,191OB_Internal_Ramp_Lower,21,4260
19658.98911,30245.57129,7014.040602,191OB_Internal_Ramp_Lower,22,4260
19625.97939,30220.80102,7007.810303,191OB_Internal_Ramp_Lower,23,4260
19585.77813,30211.47009,7001.580004,191OB_Internal_Ramp_Lower,24,4260
19545.23244,30219.16776,6995.349705,191OB_Internal_Ramp_Lower,25,4260
19511.24808,30242.58294,6989.119406,191OB_Internal_Ramp_Lower,26,4260
19454.17451,30322.32781,6983.631615,191OB_Internal_Ramp_Lower,27,4260
19440.10136,30351.64553,6978.944132,191OB_Internal_Ramp_Lower,28,4260
19436.14267,30382.93953,6974.398694,191OB_Internal_Ramp_Lower,29,4260
19442.12856,30413.90976,6969.853256,191OB_Internal_Ramp_Lower,30,4260
19458.07893,30442.24997,6965.165773,191OB_Internal_Ramp_Lower,31,4260
19481.44789,30463.4367,6960.620335,191OB_Internal_Ramp_Lower,32,4260
19511.21115,30476.54131,6955.932852,191OB_Internal_Ramp_Lower,33,4260
19542.61809,30479.47213,6951.387414,191OB_Internal_Ramp_Lower,34,4260
19574.29212,30472.10069,6946.699931,191OB_Internal_Ramp_Lower,35,4260
19616.79145,30454.69643,6944.065125,191OB_Internal_Ramp_Lower,36,4260
19657.91828,30428.92825,6941.415221,191OB_Internal_Ramp_Lower,37,4260
19684.01718,30396.95866,6935.184922,191OB_Internal_Ramp_Lower,38,4260
19694.98362,30357.17243,6928.954622,191OB_Internal_Ramp_Lower,39,4260
19688.94978,30316.34596,6922.724323,191OB_Internal_Ramp_Lower,40,4260
19666.94335,30281.43286,6916.494024,191OB_Internal_Ramp_Lower,41,4260
19632.71247,30258.37956,6910.263725,191OB_Internal_Ramp_Lower,42,4260
19592.08739,30251.1125,6904.033426,191OB_Internal_Ramp_Lower,43,4260
19564.85899,30255.76951,6899.879894,191OB_Internal_Ramp_Lower,44,4260
19539.94356,30267.69826,6895.726361,191OB_Internal_Ramp_Lower,45,4260
19510.98177,30297.09932,6889.496062,191OB_Internal_Ramp_Lower,46,4260
19462.79959,30382.49078,6884.010271,191OB_Internal_Ramp_Lower,47,4260
19456.08077,30409.30544,6879.854739,191OB_Internal_Ramp_Lower,48,4260
19456.95666,30436.91534,6875.701206,191OB_Internal_Ramp_Lower,49,4260
19472.19237,30475.27001,6869.470907,191OB_Internal_Ramp_Lower,50,4260
19490.50082,30495.95514,6865.317374,191OB_Internal_Ramp_Lower,51,4260
19513.76998,30510.84204,6861.163841,191OB_Internal_Ramp_Lower,52,4260
19540.22425,30518.79473,6857.010309,191OB_Internal_Ramp_Lower,53,4260
19567.84497,30519.20637,6852.856776,191OB_Internal_Ramp_Lower,54,4260
19594.7836,30511.93942,6848.661243,191OB_Internal_Ramp_Lower,55,4260
19659.38955,30486.36031,6845.383791,191OB_Internal_Ramp_Lower,56,4260
19704.43713,30467.3267,6842.661895,191OB_Internal_Ramp_Lower,57,4260
19727.36267,30453.79311,6838.656703,191OB_Internal_Ramp_Lower,58,4260
19745.31281,30435.48223,6834.799851,191OB_Internal_Ramp_Lower,59,4260
19758.01637,30413.20859,6830.942999,191OB_Internal_Ramp_Lower,60,4260
19764.76403,30387.45578,6826.937807,191OB_Internal_Ramp_Lower,61,4260
19764.47765,30360.83518,6822.932615,191OB_Internal_Ramp_Lower,62,4260
19757.56837,30336.14191,6819.075763,191OB_Internal_Ramp_Lower,63,4260
19743.99769,30313.23831,6815.070571,191OB_Internal_Ramp_Lower,64,4260
19725.64182,30295.30578,6811.210719,191OB_Internal_Ramp_Lower,65,4260
19682.55773,30270.75435,6808.457237,191OB_Internal_Ramp_Lower,66,4260
19635.10653,30268.41544,6805.763128,191OB_Internal_Ramp_Lower,67,4260
19594.65902,30286.12723,6799.085808,191OB_Internal_Ramp_Lower,68,4260
19565.79172,30319.51382,6792.410488,191OB_Internal_Ramp_Lower,69,4260
19554.10829,30362.07535,6785.735167,191OB_Internal_Ramp_Lower,70,4260
19561.88465,30405.52089,6779.059847,191OB_Internal_Ramp_Lower,71,4260
19577.92184,30431.50803,6774.461293,191OB_Internal_Ramp_Lower,72,4260
19601.05398,30451.44359,6769.862739,191OB_Internal_Ramp_Lower,73,4260
19741.44867,30517.72621,6746.570288,191OB_Internal_Ramp_Lower,74,4260
19779.42909,30535.43678,6744.058298,191OB_Internal_Ramp_Lower,75,4260
20990.81663,28564.35918,6080.454381,178OB_Internal_Ramp_Lower,1,4700
21035.0445,28531.69536,6082.187005,178OB_Internal_Ramp_Lower,2,4700
21057.09324,28496.29291,6083.446438,178OB_Internal_Ramp_Lower,3,4700
21171.39833,28182.24224,6109.098587,178OB_Internal_Ramp_Lower,4,4700
21177.1765,28140.93735,6110.358021,178OB_Internal_Ramp_Lower,5,4700
21165.60379,28100.868,6111.617454,178OB_Internal_Ramp_Lower,6,4700
21149.12638,28078.33014,6112.457077,178OB_Internal_Ramp_Lower,7,4700
21114.45573,28055.14767,6113.71651,178OB_Internal_Ramp_Lower,8,4700
21073.34436,28048.12368,6114.975943,178OB_Internal_Ramp_Lower,9,4700
21045.88117,28053.14697,6115.815566,178OB_Internal_Ramp_Lower,10,4700
21009.91792,28074.26865,6117.074999,178OB_Internal_Ramp_Lower,11,4700
20985.69811,28108.22276,6118.334432,178OB_Internal_Ramp_Lower,12,4700
20976.56788,28144.76122,6119.467326,178OB_Internal_Ramp_Lower,13,4700
20971.13409,28214.51305,6124.19945,178OB_Internal_Ramp_Lower,14,4700
20976.38225,28241.71071,6127.809076,178OB_Internal_Ramp_Lower,15,4700
20988.89005,28266.42529,6131.418703,178OB_Internal_Ramp_Lower,16,4700
21019.02933,28294.78176,6136.833142,178OB_Internal_Ramp_Lower,17,4700
21058.06852,28308.50793,6142.247582,178OB_Internal_Ramp_Lower,18,4700
21085.76671,28308.25145,6145.857208,178OB_Internal_Ramp_Lower,19,4700
21124.54502,28293.80471,6151.271648,178OB_Internal_Ramp_Lower,20,4700
21154.15403,28264.89498,6156.686088,178OB_Internal_Ramp_Lower,21,4700
21166.20202,28239.95302,6160.295714,178OB_Internal_Ramp_Lower,22,4700
21170.94563,28212.66284,6163.905341,178OB_Internal_Ramp_Lower,23,4700
21163.73022,28171.9148,6169.31978,178OB_Internal_Ramp_Lower,24,4700
21149.90411,28147.91283,6172.929407,178OB_Internal_Ramp_Lower,25,4700
21118.27536,28121.22786,6178.343846,178OB_Internal_Ramp_Lower,26,4700
21000.09955,28078.15059,6187.433664,178OB_Internal_Ramp_Lower,27,4700
20972.47031,28076.18064,6191.04329,178OB_Internal_Ramp_Lower,28,4700
20945.3606,28081.86565,6194.652916,178OB_Internal_Ramp_Lower,29,4700
20910.16974,28103.63876,6200.067356,178OB_Internal_Ramp_Lower,30,4700
20886.80719,28137.79513,6205.481796,178OB_Internal_Ramp_Lower,31,4700
20876.30109,28203.82108,6211.606736,178OB_Internal_Ramp_Lower,32,4700
20871.09066,28276.21958,6216.308099,178OB_Internal_Ramp_Lower,33,4700
20876.34685,28303.4333,6219.781072,178OB_Internal_Ramp_Lower,34,4700
20888.8711,28328.15894,6223.254044,178OB_Internal_Ramp_Lower,35,4700
20919.04515,28356.51585,6228.463503,178OB_Internal_Ramp_Lower,36,4700
20958.11989,28370.21811,6233.672962,178OB_Internal_Ramp_Lower,37,4700
20999.39562,28366.91634,6238.882421,178OB_Internal_Ramp_Lower,38,4700
21024.61909,28355.42761,6242.355394,178OB_Internal_Ramp_Lower,39,4700
21054.2022,28326.45474,6247.564852,178OB_Internal_Ramp_Lower,40,4700
21066.2141,28301.47619,6251.037825,178OB_Internal_Ramp_Lower,41,4700
21070.37536,28260.27823,6256.247284,178OB_Internal_Ramp_Lower,42,4700
21063.6011,28233.40215,6259.720256,178OB_Internal_Ramp_Lower,43,4700
21049.70977,28209.41789,6263.193229,178OB_Internal_Ramp_Lower,44,4700
21017.99275,28182.798,6268.402688,178OB_Internal_Ramp_Lower,45,4700
20929.09554,28141.34455,6273.881479,178OB_Internal_Ramp_Lower,46,4700
20902.59478,28133.2252,6277.354451,178OB_Internal_Ramp_Lower,47,4700
20861.23952,28135.30612,6282.56391,178OB_Internal_Ramp_Lower,48,4700
20835.68766,28146.04466,6286.036883,178OB_Internal_Ramp_Lower,49,4700
20814.0649,28163.38452,6289.509855,178OB_Internal_Ramp_Lower,50,4700
20792.51691,28198.7437,6294.719314,178OB_Internal_Ramp_Lower,51,4700
20783.43284,28265.11456,6300.7062,178OB_Internal_Ramp_Lower,52,4700
20778.22196,28337.50434,6305.475891,178OB_Internal_Ramp_Lower,53,4700
20783.47012,28364.70199,6309.085517,178OB_Internal_Ramp_Lower,54,4700
20795.97792,28389.41657,6312.695144,178OB_Internal_Ramp_Lower,55,4700
20826.1172,28417.77304,6318.109583,178OB_Internal_Ramp_Lower,56,4700
20865.15638,28431.49921,6323.524023,178OB_Internal_Ramp_Lower,57,4700
20892.85457,28431.24273,6327.133649,178OB_Internal_Ramp_Lower,58,4700
20931.63288,28416.79599,6332.548089,178OB_Internal_Ramp_Lower,59,4700
20961.2419,28387.88627,6337.962529,178OB_Internal_Ramp_Lower,60,4700
20973.28989,28362.94431,6341.572155,178OB_Internal_Ramp_Lower,61,4700
20978.0335,28335.65413,6345.181782,178OB_Internal_Ramp_Lower,62,4700
20970.81808,28294.90608,6350.596221,178OB_Internal_Ramp_Lower,63,4700
20956.99197,28270.90411,6354.205848,178OB_Internal_Ramp_Lower,64,4700
20925.36323,28244.21914,6359.620287,178OB_Internal_Ramp_Lower,65,4700
20836.46601,28202.76569,6365.100478,178OB_Internal_Ramp_Lower,66,4700
20809.94865,28194.64369,6368.436544,178OB_Internal_Ramp_Lower,67,4700
20768.56937,28196.73802,6373.440644,178OB_Internal_Ramp_Lower,68,4700
20743.00758,28207.4959,6376.77671,178OB_Internal_Ramp_Lower,69,4700
20721.38351,28224.86072,6380.112776,178OB_Internal_Ramp_Lower,70,4700
20699.85392,28260.25999,6385.116875,178OB_Internal_Ramp_Lower,71,4700
20691.31445,28322.50422,6390.788531,178OB_Internal_Ramp_Lower,72,4700
21015.81172,28376.70088,5938.274992,178OB_Internal_Ramp_Upper,1,4200
21084.10456,28373.15696,5944.792174,178OB_Internal_Ramp_Upper,2,4200
21108.62043,28362.77638,5948.797366,178OB_Internal_Ramp_Upper,3,4200
21131.56134,28344.13405,5953.24758,178OB_Internal_Ramp_Upper,4,4200
21272.98346,28175.48318,5971.793717,178OB_Internal_Ramp_Upper,5,4200
21286.98714,28136.68402,5977.954934,178OB_Internal_Ramp_Upper,6,4200
21283.28599,28092.69125,5984.556238,178OB_Internal_Ramp_Upper,7,4200
21262.99661,28056.7772,5990.717455,178OB_Internal_Ramp_Upper,8,4200
21232.6121,28033.39365,5996.438585,178OB_Internal_Ramp_Upper,9,4200
21192.69997,28022.97734,6002.599802,178OB_Internal_Ramp_Upper,10,4200
21154.76355,28028.53043,6008.320932,178OB_Internal_Ramp_Upper,11,4200
21123.9571,28046.01814,6013.601975,178OB_Internal_Ramp_Upper,12,4200
21101.18042,28073.14894,6018.883018,178OB_Internal_Ramp_Upper,13,4200
21090.421,28100.7534,6023.292786,178OB_Internal_Ramp_Upper,14,4200
21075.47075,28166.09282,6026.568011,178OB_Internal_Ramp_Upper,15,4200
21000.56862,28518.47964,6077.792458,178OB_Internal_Ramp_Upper,16,4200
20990.81663,28564.35918,6080.454381,178OB_Internal_Ramp_Upper,17,4200
20968.59554,28668.90117,6084.915493,178OB_Internal_Ramp_Upper,18,4200
20931.58548,28843.0198,6111.616775,178OB_Internal_Ramp_Upper,19,4200
20914.15735,28925.01272,6116.361439,178OB_Internal_Ramp_Upper,20,4200
20895.77444,29016.39011,6130.347442,178OB_Internal_Ramp_Upper,21,4200
20901.67912,29057.5123,6136.605741,178OB_Internal_Ramp_Upper,22,4200
20925.1391,29092.30801,6139.131731,178OB_Internal_Ramp_Upper,23,4200
20981.79761,29097.49932,6142.783295,178OB_Internal_Ramp_Upper,24,4200
21012.66599,29107.71447,6147.518772,178OB_Internal_Ramp_Upper,25,4200
21042.59198,29131.71072,6153.115245,178OB_Internal_Ramp_Upper,26,4200
21060.31826,29162.3997,6158.28122,178OB_Internal_Ramp_Upper,27,4200
21065.98771,29203.27665,6164.308191,178OB_Internal_Ramp_Upper,28,4200
21056.01503,29240.31623,6169.904664,178OB_Internal_Ramp_Upper,29,4200
21030.58809,29272.82067,6175.931636,178OB_Internal_Ramp_Upper,30,4200
20997.03883,29291.41723,6181.528109,178OB_Internal_Ramp_Upper,31,4200
20958.9568,29296.01552,6187.124582,178OB_Internal_Ramp_Upper,32,4200
20919.30324,29284.58471,6193.151553,178OB_Internal_Ramp_Upper,33,4200
20897.65235,29269.05921,6197.026034,178OB_Internal_Ramp_Upper,34,4200
20828.5284,29199.64589,6211.706216,178OB_Internal_Ramp_Upper,35,4200
20812.68988,29174.68666,6216.156429,178OB_Internal_Ramp_Upper,36,4200
20805.24044,29149.12712,6220.161621,178OB_Internal_Ramp_Upper,37,4200
20808.75901,29076.74162,6226.443688,178OB_Internal_Ramp_Upper,38,4200
20814.10618,29019.0998,6230.271683,178OB_Internal_Ramp_Upper,39,4200
20823.29045,28990.89041,6233.934083,178OB_Internal_Ramp_Upper,40,4200
20846.79046,28960.43431,6238.695202,178OB_Internal_Ramp_Upper,41,4200
20877.24969,28942.11799,6243.090082,178OB_Internal_Ramp_Upper,42,4200
20918.14414,28935.75716,6248.217442,178OB_Internal_Ramp_Upper,43,4200
20955.43873,28945.18789,6252.978562,178OB_Internal_Ramp_Upper,44,4200
20986.41371,28967.99962,6257.739681,178OB_Internal_Ramp_Upper,45,4200
21007.4797,29003.62322,6262.867041,178OB_Internal_Ramp_Upper,46,4200
21012.35216,29026.88345,6265.796961,178OB_Internal_Ramp_Upper,47,4200
21011.1072,29053.57334,6269.093121,178OB_Internal_Ramp_Upper,48,4200
21002.83935,29078.98088,6272.38928,178OB_Internal_Ramp_Upper,49,4200
20988.13886,29101.29222,6275.68544,178OB_Internal_Ramp_Upper,50,4200
20889.8583,29177.76391,6284.414982,178OB_Internal_Ramp_Upper,51,4200
20845.31461,29193.40515,6290.133953,178OB_Internal_Ramp_Upper,52,4200
20818.60219,29192.47922,6293.350874,178OB_Internal_Ramp_Upper,53,4200
20790.4093,29183.21051,6296.92523,178OB_Internal_Ramp_Upper,54,4200
20768.35856,29168.10503,6300.142151,178OB_Internal_Ramp_Upper,55,4200
20751.09673,29147.69818,6303.359072,178OB_Internal_Ramp_Upper,56,4200
20735.80948,29103.03176,6309.078043,178OB_Internal_Ramp_Upper,57,4200
20740.33921,29032.9805,6314.049505,178OB_Internal_Ramp_Upper,58,4200
20760.69974,28801.57638,6345.540271,178OB_Internal_Ramp_Upper,59,4200
20767.79595,28775.91653,6349.545463,178OB_Internal_Ramp_Upper,60,4200
20779.60285,28755.39036,6353.105634,178OB_Internal_Ramp_Upper,61,4200
20815.78851,28725.35599,6360.225976,178OB_Internal_Ramp_Upper,62,4200
20861.70104,28715.18228,6367.346317,178OB_Internal_Ramp_Upper,63,4200
20907.18706,28727.11911,6374.466659,178OB_Internal_Ramp_Upper,64,4200
20928.73822,28742.75021,6378.471851,178OB_Internal_Ramp_Upper,65,4200
20943.83133,28760.99644,6382.032022,178OB_Internal_Ramp_Upper,66,4200
20957.44014,28793.69264,6387.372279,178OB_Internal_Ramp_Upper,67,4200
20958.34259,28832.01332,6393.157556,178OB_Internal_Ramp_Upper,68,4200
20930.34142,28920.6958,6406.417844,178OB_Internal_Ramp_Upper,69,4200
20903.17606,29003.24425,6410.922605,178OB_Internal_Ramp_Upper,70,4200
20877.49176,29042.63692,6418.042946,178OB_Internal_Ramp_Upper,71,4200
20836.64195,29065.93409,6425.163288,178OB_Internal_Ramp_Upper,72,4200
20798.45932,29069.30677,6430.948566,178OB_Internal_Ramp_Upper,73,4200
20761.81292,29058.06709,6436.733843,178OB_Internal_Ramp_Upper,74,4200
20660.30181,28974.61365,6456.472124,178OB_Internal_Ramp_Upper,75,4200
20643.72985,28950.13524,6460.922337,178OB_Internal_Ramp_Upper,76,4200
20635.52548,28924.80794,6464.927529,178OB_Internal_Ramp_Upper,77,4200
20638.51341,28849.99375,6471.639624,178OB_Internal_Ramp_Upper,78,4200
20643.90556,28791.86207,6475.54455,178OB_Internal_Ramp_Upper,79,4200
20653.08467,28763.67798,6479.412006,178OB_Internal_Ramp_Upper,80,4200
20674.35208,28735.23905,6484.052955,178OB_Internal_Ramp_Upper,81,4200
20706.98178,28714.92693,6489.080649,178OB_Internal_Ramp_Upper,82,4200
20747.83563,28708.53637,6494.495088,178OB_Internal_Ramp_Upper,83,4200
20785.10952,28717.91385,6499.522782,178OB_Internal_Ramp_Upper,84,4200
20816.09311,28740.65799,6504.550476,178OB_Internal_Ramp_Upper,85,4200
20837.20855,28776.21098,6509.964916,178OB_Internal_Ramp_Upper,86,4200
20842.12754,28799.44035,6513.058882,178OB_Internal_Ramp_Upper,87,4200
20840.94779,28826.11004,6516.539593,178OB_Internal_Ramp_Upper,88,4200
20821.88905,28869.23983,6522.727524,178OB_Internal_Ramp_Upper,89,4200
20774.53792,28915.55211,6527.381944,178OB_Internal_Ramp_Upper,90,4200
20734.95196,28954.26959,6531.27308,178OB_Internal_Ramp_Upper,91,4200
20712.22636,28968.27714,6534.753791,178OB_Internal_Ramp_Upper,92,4200
20686.60459,28975.77307,6538.234503,178OB_Internal_Ramp_Upper,93,4200
20657.55672,28975.91782,6542.024041,178OB_Internal_Ramp_Upper,94,4200
20631.86151,28968.6776,6545.504752,178OB_Internal_Ramp_Upper,95,4200
20608.99744,28954.89722,6548.985464,178OB_Internal_Ramp_Upper,96,4200
20590.59396,28935.55876,6552.466175,178OB_Internal_Ramp_Upper,97,4200
20577.9626,28912.0404,6555.946886,178OB_Internal_Ramp_Upper,98,4200
20572.31867,28888.97644,6559.040852,178OB_Internal_Ramp_Upper,99,4200
20576.2304,28819.47395,6564.469967,178OB_Internal_Ramp_Upper,100,4200
20585.36511,28747.48753,6570.051347,178OB_Internal_Ramp_Upper,101,4200
20598.9246,28721.08888,6573.625704,178OB_Internal_Ramp_Upper,102,4200
20617.28959,28701.66885,6576.842625,178OB_Internal_Ramp_Upper,103,4200
20640.14268,28687.80716,6580.059546,178OB_Internal_Ramp_Upper,104,4200
20665.85123,28680.4941,6583.276467,178OB_Internal_Ramp_Upper,105,4200
20745.96018,28684.36754,6589.244222,178OB_Internal_Ramp_Upper,106,4200
20806.98192,28690.37172,6592.603776,178OB_Internal_Ramp_Upper,107,4200
20835.42798,28699.05381,6595.588888,178OB_Internal_Ramp_Upper,108,4200
20864.33196,28719.89029,6599.171022,178OB_Internal_Ramp_Upper,109,4200
20884.09555,28749.53822,6602.753156,178OB_Internal_Ramp_Upper,110,4200
20892.31611,28787.2167,6606.633801,178OB_Internal_Ramp_Upper,111,4200
20885.66742,28825.20407,6610.514446,178OB_Internal_Ramp_Upper,112,4200
20863.0596,28859.99307,6614.693602,178OB_Internal_Ramp_Upper,113,4200
20831.04712,28881.49765,6618.574247,178OB_Internal_Ramp_Upper,114,4200
20796.26183,28889.21662,6622.156381,178OB_Internal_Ramp_Upper,115,4200
20605.85703,28889.28922,6636.860018,178OB_Internal_Ramp_Upper,116,4200
20562.56018,28879.43013,6641.337685,178OB_Internal_Ramp_Upper,117,4200
20531.66953,28856.34305,6645.21833,178OB_Internal_Ramp_Upper,118,4200
20511.81239,28823.28341,6649.098975,178OB_Internal_Ramp_Upper,119,4200
20505.87411,28791.13718,6652.382598,178OB_Internal_Ramp_Upper,120,4200
20510.67694,28729.93836,6656.319531,178OB_Internal_Ramp_Upper,121,4200
20515.50543,28674.74849,6659.236339,178OB_Internal_Ramp_Upper,122,4200
20537.26801,28425.49618,6696.766473,178OB_Internal_Ramp_Upper,123,4200
20530.02175,28381.95765,6703.441794,178OB_Internal_Ramp_Upper,124,4200
20506.90273,28347.80861,6709.672093,178OB_Internal_Ramp_Upper,125,4200
20471.96951,28325.89248,6715.902392,178OB_Internal_Ramp_Upper,126,4200
20446.14941,28320.12016,6719.882534,178OB_Internal_Ramp_Upper,127,4200
20339.82469,28311.21532,6726.661389,178OB_Internal_Ramp_Upper,128,4200
20310.59653,28315.63533,6731.111603,178OB_Internal_Ramp_Upper,129,4200
20283.9376,28328.40731,6735.561817,178OB_Internal_Ramp_Upper,130,4200
20262.17742,28348.41522,6740.01203,178OB_Internal_Ramp_Upper,131,4200
20247.21745,28373.91073,6744.462244,178OB_Internal_Ramp_Upper,132,4200
20176.0222,28730.75691,6799.06053,178OB_Internal_Ramp_Upper,133,4200
20148.91234,28870.22503,6798.987368,178OB_Internal_Ramp_Upper,134,4200
20129.67529,28970.13186,6797.674035,178OB_Internal_Ramp_Upper,135,4200
20131.38137,29005.85419,6799.471789,178OB_Internal_Ramp_Upper,136,4200
20149.01483,29043.57871,6801.569169,178OB_Internal_Ramp_Upper,137,4200
20205.38897,29103.00738,6805.523032,178OB_Internal_Ramp_Upper,138,4200
20234.31103,29123.81876,6809.105166,178OB_Internal_Ramp_Upper,139,4200
20268.69388,29133.16855,6812.6873,178OB_Internal_Ramp_Upper,140,4200
20304.17228,29129.8697,6816.269434,178OB_Internal_Ramp_Upper,141,4200
20336.24189,29114.34104,6819.851568,178OB_Internal_Ramp_Upper,142,4200
20359.15195,29091.02211,6823.13519,178OB_Internal_Ramp_Upper,143,4200
20373.3174,29061.56055,6826.418813,178OB_Internal_Ramp_Upper,144,4200
20377.31121,29035.07369,6829.105414,178OB_Internal_Ramp_Upper,145,4200
20375.48606,28979.32325,6834.683622,178OB_Internal_Ramp_Upper,146,4200
20372.07264,28881.57561,6840.127413,178OB_Internal_Ramp_Upper,147,4200
20365.05983,28726.5951,6855.649993,178OB_Internal_Ramp_Upper,148,4200
20351.40998,28693.68187,6859.232127,178OB_Internal_Ramp_Upper,149,4200
20327.08678,28667.6438,6862.814261,178OB_Internal_Ramp_Upper,150,4200
20303.65694,28654.66125,6865.500861,178OB_Internal_Ramp_Upper,151,4200
20280.58582,28648.71504,6867.88895,178OB_Internal_Ramp_Upper,152,4200
20256.7629,28648.39517,6870.27704,178OB_Internal_Ramp_Upper,153,4200
20230.7464,28654.7706,6872.96364,178OB_Internal_Ramp_Upper,154,4200
20209.77048,28666.06858,6875.351729,178OB_Internal_Ramp_Upper,155,4200
20190.13124,28684.28408,6878.03833,178OB_Internal_Ramp_Upper,156,4200
20176.03186,28707.05932,6880.72493,178OB_Internal_Ramp_Upper,157,4200
20168.96649,28729.87511,6883.119019,178OB_Internal_Ramp_Upper,158,4200
20144.37619,28856.38126,6883.441994,178OB_Internal_Ramp_Upper,159,4200
20122.62109,28969.24383,6881.333501,178OB_Internal_Ramp_Upper,160,4200
20124.33537,29004.99407,6882.413016,178OB_Internal_Ramp_Upper,161,4200
20145.76138,29047.41105,6883.852368,178OB_Internal_Ramp_Upper,162,4200
20197.3349,29088.2725,6887.085834,178OB_Internal_Ramp_Upper,163,4200
20226.49864,29102.88501,6891.017627,178OB_Internal_Ramp_Upper,164,4200
20255.83513,29107.37041,6894.591983,178OB_Internal_Ramp_Upper,165,4200
20288.03279,29102.13975,6898.523775,178OB_Internal_Ramp_Upper,166,4200
20316.83408,29086.82521,6902.455568,178OB_Internal_Ramp_Upper,167,4200
20337.47906,29065.50542,6906.029924,178OB_Internal_Ramp_Upper,168,4200
20349.97174,29041.87613,6909.246845,178OB_Internal_Ramp_Upper,169,4200
20360.09106,28966.26704,6918.428227,178OB_Internal_Ramp_Upper,170,4200
20368.61666,28868.81894,6923.733894,178OB_Internal_Ramp_Upper,171,4200
20380.72728,28712.01382,6937.949979,178OB_Internal_Ramp_Upper,172,4200
20369.83525,28674.99252,6941.561395,178OB_Internal_Ramp_Upper,173,4200
20347.98754,28646.81524,6944.89501,178OB_Internal_Ramp_Upper,174,4200
20325.8289,28631.73367,6947.395221,178OB_Internal_Ramp_Upper,175,4200
20300.46025,28623.07971,6949.895432,178OB_Internal_Ramp_Upper,176,4200
20273.70423,28621.47511,6952.395643,178OB_Internal_Ramp_Upper,177,4200
20247.48314,28627.03518,6954.895854,178OB_Internal_Ramp_Upper,178,4200
20223.68088,28639.36042,6957.396066,178OB_Internal_Ramp_Upper,179,4200
20204.00753,28657.56533,6959.896277,178OB_Internal_Ramp_Upper,180,4200
20189.87654,28680.34196,6962.396488,178OB_Internal_Ramp_Upper,181,4200
20182.78814,28703.16722,6964.624478,178OB_Internal_Ramp_Upper,182,4200
20168.99647,28774.11919,6966.507541,178OB_Internal_Ramp_Upper,183,4200
20132.06505,28964.11488,6961.120987,178OB_Internal_Ramp_Upper,184,4200
20129.50262,29023.95013,6964.174534,178OB_Internal_Ramp_Upper,185,4200
20126.64024,29187.93587,6982.215713,178OB_Internal_Ramp_Upper,186,4200
21550.74958,28159.09421,7388.151401,Main_Ramp_to_3315L,1,3315
21568.49006,28203.73267,7391.029637,Main_Ramp_to_3315L,2,3315
21600.48423,28291.24706,7404.927428,Main_Ramp_to_3315L,3,3315
21600.85838,28319.18214,7409.100471,Main_Ramp_to_3315L,4,3315
21590.50156,28352.46575,7414.316775,Main_Ramp_to_3315L,5,3315
21574.34314,28375.25642,7418.489819,Main_Ramp_to_3315L,6,3315
21328.88628,28633.98274,7471.597358,Main_Ramp_to_3315L,7,3315
21295.45922,28668.56103,7474.477732,Main_Ramp_to_3315L,8,3315
21262.08508,28703.08471,7477.354303,Main_Ramp_to_3315L,9,3315
20987.64966,28992.35649,7535.325334,Main_Ramp_to_3315L,10,3315
20954.22261,29026.93478,7538.205708,Main_Ramp_to_3315L,11,3315
20920.84846,29061.45846,7541.082279,Main_Ramp_to_3315L,12,3315
20646.41331,29350.73012,7599.298165,Main_Ramp_to_3315L,13,3315
20612.98626,29385.3084,7602.178538,Main_Ramp_to_3315L,14,3315
20579.61211,29419.83209,7605.05511,Main_Ramp_to_3315L,15,3315
20219.09438,29799.84006,7681.531673,Main_Ramp_to_3315L,16,3315
20191.8584,29839.96121,7684.451885,Main_Ramp_to_3315L,17,3315
22121.39551,27566.20508,7481.098145,Main_Ramp_to_3875L,1,3875
21573.09091,28136.0254,7389.437577,Main_Ramp_to_3875L,2,3875
21550.74958,28159.09421,7388.151401,Main_Ramp_to_3875L,3,3875
21528.3553,28182.21759,7386.861424,Main_Ramp_to_3875L,4,3875
21116.06942,28606.0831,7318.270043,Main_Ramp_to_3875L,5,3875
21082.69527,28640.60678,7315.393471,Main_Ramp_to_3875L,6,3875
21049.26822,28675.18507,7312.513098,Main_Ramp_to_3875L,7,3875
20703.83679,29032.51389,7254.86136,Main_Ramp_to_3875L,8,3875
20670.46265,29067.03758,7251.984788,Main_Ramp_to_3875L,9,3875
20637.03559,29101.61587,7249.104415,Main_Ramp_to_3875L,10,3875
20291.60417,29458.94469,7191.452677,Main_Ramp_to_3875L,11,3875
20224.80297,29528.04666,7185.695732,Main_Ramp_to_3875L,12,3875
20019.82731,29740.08212,7151.48575,Main_Ramp_to_3875L,13,3875
19786.2393,30097.82155,7138.668309,Main_Ramp_to_3875L,14,3875
19692.10226,30241.99219,7133.502822,Main_Ramp_to_3875L,15,3875
19616.94463,30357.0959,7129.378773,Main_Ramp_to_3875L,16,3875
24208.2398,26190.56649,7558.602327,Shaft_Access,1,3400
24053.97784,26112.20655,7558.77179,Shaft_Access,2,3400
23752.06885,25976.32894,7559.795673,Shaft_Access,3,3400
23620.87589,25922.08172,7560.254664,Shaft_Access,4,3400
23580.10164,25924.77206,7560.594742,Shaft_Access,5,3400
23524.00544,26047.42612,7559.799805,Shaft_Access,6,3400
23497.31811,26079.88711,7560.187117,Shaft_Access,7,3400
23432.22056,26135.70788,7561.125688,Shaft_Access,8,3400
23444.69646,26145.60561,7560.420276,Shaft_Access,9,3400
23463.34083,26202.33157,7561.800075,Shaft_Access,10,3400
23476.11693,26224.86561,7561.904012,Shaft_Access,11,3400
23512.57112,26225.18928,7562.829033,Shaft_Access,12,3400
23600.90514,26374.5796,7567.904411,Shaft_Access,13,3400
23597.0146,26471.2071,7568.378906,Shaft_Access,14,3400
23586.87611,26530.52648,7567.908047,Shaft_Access,15,3400
23615.11238,26559.90142,7569.002651,Shaft_Access,16,3400
23646.03993,26605.19598,7568.604946,Shaft_Access,17,3400
23659.10223,26653.15632,7568.057064,Shaft_Access,18,3400
23655.7738,26702.75207,7567.509183,Shaft_Access,19,3400
23636.42015,26748.53694,7566.961301,Shaft_Access,20,3400
23603.16657,26785.48308,7566.413419,Shaft_Access,21,3400
23582.41884,26799.32269,7566.139478,Shaft_Access,22,3400
23535.53345,26815.83263,7565.591596,Shaft_Access,23,3400
23485.82693,26816.11382,7565.043714,Shaft_Access,24,3400
23024.5651,26717.50084,7559.862716,Shaft_Access,25,3400
22924.23834,26696.05202,7558.735823,Shaft_Access,26,3400
22878.45721,26676.68955,7558.187941,Shaft_Access,27,3400
22846.77832,26654.81228,7557.838764,Shaft_Access,28,3400
22724.89583,26811.55556,7536.468303,Shaft_Access,29,3400
22534.78074,27048.93773,7519.590638,Shaft_Access,30,3400
22356.42868,27279.89909,7496.598066,Shaft_Access,31,3400
22216.78325,27447.05079,7483.950359,Shaft_Access,32,3400
22121.39551,27566.20508,7481.098145,Shaft_Access,33,3400
20191.8584,29839.96121,7684.451885,FW_Drift,1,3315
20123.9677,29940.40743,7680.814656,FW_Drift,2,3315
20039.59969,30125.37743,7674.715584,FW_Drift,3,3315
19938.03398,30202.21077,7675.404771,FW_Drift,4,3315
19762.44467,30335.04809,7682.010044,FW_Drift,5,3315
19682.96205,30395.17851,7685,FW_Drift,6,3315
19622.67231,30443.59367,7682.730667,FW_Drift,7,3315
20514.54812,29644.78164,6622.896874,Main_Ramp_to_4260L,1,4260
20545.59545,29672.73678,6625.230843,Main_Ramp_to_4260L,2,4260
20588.11136,29718.9352,6634.21379,Main_Ramp_to_4260L,3,4260
20602.2059,29747.5549,6638.791224,Main_Ramp_to_4260L,4,4260
20604.92618,29795.07443,6645.657376,Main_Ramp_to_4260L,5,4260
20586.0414,29837.60589,6652.367751,Main_Ramp_to_4260L,6,4260
20367.09781,30124.7463,6701.839899,Main_Ramp_to_4260L,7,4260
20337.86743,30162.93805,6704.720272,Main_Ramp_to_4260L,8,4260
20308.68332,30201.06949,6707.596844,Main_Ramp_to_4260L,9,4260
20175.09319,30375.82446,6740.506939,Main_Ramp_to_4260L,10,4260
20140.85816,30410.16785,6743.427152,Main_Ramp_to_4260L,11,4260
20337.86743,30162.93805,6704.720272,Main_Ramp_to_4360L,1,4360
20363.08418,30205.41704,6701.716886,Main_Ramp_to_4360L,2,4360
20382.96003,30243.15698,6695.320041,Main_Ramp_to_4360L,3,4360
20388.20652,30277.58822,6690.082494,Main_Ramp_to_4360L,4,4360
20381.32609,30311.73051,6684.844947,Main_Ramp_to_4360L,5,4360
20363.15337,30341.44226,6679.607399,Main_Ramp_to_4360L,6,4360
20335.89276,30363.11933,6674.369852,Main_Ramp_to_4360L,7,4360
20155.95941,30444.22214,6644.835044,Main_Ramp_to_4360L,8,4360
20054.33289,30195.85444,6526.666995,Main_Ramp_to_4460L,1,4460
20061.1632,30210.29682,6527.146277,Main_Ramp_to_4460L,2,4460
20177.13988,30456.3161,6535.783562,Main_Ramp_to_4460L,3,4460
20185.40399,30482.97903,6536.95041,Main_Ramp_to_4460L,4,4460
20185.97622,30510.88745,6538.117258,Main_Ramp_to_4460L,5,4460
20175.86469,30544.21601,6539.575818,Main_Ramp_to_4460L,6,4460
20154.9359,30572.05524,6541.034378,Main_Ramp_to_4460L,7,4460
20129.40017,30589.40141,6542.32566,Main_Ramp_to_4460L,8,4460
20855.68847,29242.36809,6688.279328,Main_Ramp_to_4560L,1,4560
20819.98255,29284.61391,6688.274142,Main_Ramp_to_4560L,2,4560
20550.94121,29602.17081,6625.833212,Main_Ramp_to_4560L,3,4560
20514.54812,29644.78164,6622.896874,Main_Ramp_to_4560L,4,4560
20500.85595,29660.81312,6622.260579,Main_Ramp_to_4560L,5,4560
20495.36053,29667.24743,6622.006728,Main_Ramp_to_4560L,6,4560
20469.0924,29698.00346,6619.538228,Main_Ramp_to_4560L,7,4560
20085.0414,30158.93959,6529.543566,Main_Ramp_to_4560L,8,4560
20054.33289,30195.85444,6526.666995,Main_Ramp_to_4560L,9,4560
20016.30459,30227.76398,6523.786622,Main_Ramp_to_4560L,10,4560
19963.77587,30269.22731,6513.748411,Main_Ramp_to_4560L,11,4560
19922.75694,30294.1906,6510.871839,Main_Ramp_to_4560L,12,4560
19881.67302,30319.19334,6507.991466,Main_Ramp_to_4560L,13,4560
19733.92931,30386.02222,6483.663632,Main_Ramp_to_4560L,14,4560
19712.7305,30403.73336,6479.510099,Main_Ramp_to_4560L,15,4560
19691.92458,30439.37492,6473.2798,Main_Ramp_to_4560L,16,4560
19686.92519,30466.54255,6469.126267,Main_Ramp_to_4560L,17,4560
19693.6803,30507.25589,6462.895968,Main_Ramp_to_4560L,18,4560
19763.40851,30625.97364,6442.406624,Main_Ramp_to_4560L,19,4560
19790.16989,30668.73198,6439.180436,Main_Ramp_to_4560L,20,4560
19992.20195,30204.88558,7128.853355,Truck_Chute,1,3875
19945.31988,30188.33634,7130.344872,Truck_Chute,2,3875
19879.13183,29955.55688,7143.765508,Ore_Pass_Access,1,3875
19886.97966,29969.49178,7143.285724,Ore_Pass_Access,2,3875
20011.0885,30188.72236,7128.107596,Ore_Pass_Access,3,3875
19992.20195,30204.88558,7128.853355,Ore_Pass_Access,4,3875
19808.6883,30829.54156,6437.292065,FW_Drift,1,4560
19849.74507,30785.7074,6439.094608,FW_Drift,2,4560
20047.10707,30709.167,6445.445137,FW_Drift,3,4560
23430.36224,26384.51618,7069.121094,Crusher_Access,1,3935
23443.27332,26425.5083,7068.016517,Crusher_Access,2,3935
23449.7224,26477.22946,7067.883259,Crusher_Access,3,3935
23447.37054,26498.07974,7067.319327,Crusher_Access,4,3935
23453.05871,26517.98589,7065.939941,Crusher_Access,5,3935
23416.32046,26539.49009,7064.361641,Crusher_Access,6,3935
23392.88014,26553.21054,7063.354629,Crusher_Access,7,3935
23370.65241,26554.33027,7060.095773,Crusher_Access,8,3935
23337.93679,26547.96833,7056.399902,Crusher_Access,9,3935
23311.71775,26536.21649,7055.600098,Crusher_Access,10,3935
23289.04112,26521.45546,7050.054966,Crusher_Access,11,3935
23239.20129,26487.24163,7047.333851,Crusher_Access,12,3935
23236.26814,26479.66863,7046.799805,Crusher_Access,13,3935
23212.90102,26469.56088,7045.299805,Crusher_Access,14,3935
23161.79287,26470.45914,7042.685395,Crusher_Access,15,3935
23161.79287,26470.45914,7042.685395,Main_Ramp_to_4300L,1,4300
23137.71395,26482.58585,7042.663086,Main_Ramp_to_4300L,2,4300
23129.87679,26491.91384,7042.728432,Main_Ramp_to_4300L,3,4300
23109.30382,26548.10079,7042.912708,Main_Ramp_to_4300L,4,4300
23082.17023,26585.46864,7042.414757,Main_Ramp_to_4300L,5,4300
23061.13746,26637.32297,7037.899618,Main_Ramp_to_4300L,6,4300
23059.57088,26653.10479,7036.255437,Main_Ramp_to_4300L,7,4300
23000.69454,26654.20807,7035.889005,Main_Ramp_to_4300L,8,4300
22930.0624,26654.55737,7024.0086,Main_Ramp_to_4300L,9,4300
22841.02708,26663.72341,7009.165041,Main_Ramp_to_4300L,10,4300
22806.23003,26663.61476,7007.995143,Main_Ramp_to_4300L,11,4300
22793.72693,26679.89353,7006.7932,Main_Ramp_to_4300L,12,4300
22765.06635,26700.29871,7006.488486,Main_Ramp_to_4300L,13,4300
22730.87931,26720.4498,6999.0884,Main_Ramp_to_4300L,14,4300
22725.58569,26728.37803,6999.0884,Main_Ramp_to_4300L,15,4300
22644.29618,26768.32876,6979.810895,Main_Ramp_to_4300L,16,4300
22612.13297,26796.33357,6974.056892,Main_Ramp_to_4300L,17,4300
22572.61329,26821.49659,6961.724845,Main_Ramp_to_4300L,18,4300
22461.92795,26884.86662,6939.5321,Main_Ramp_to_4300L,19,4300
22433.53249,26908.64584,6934.93,Main_Ramp_to_4300L,20,4300
22424.62548,26907.13701,6934.0297,Main_Ramp_to_4300L,21,4300
22379.88674,26934.37984,6929.373692,Main_Ramp_to_4300L,22,4300
22300.75404,26993.31942,6909.093149,Main_Ramp_to_4300L,23,4300
22291.14392,27007.07244,6906.7269,Main_Ramp_to_4300L,24,4300
22276.89674,27010.24365,6903.555986,Main_Ramp_to_4300L,25,4300
22219.75421,27052.42597,6894.275705,Main_Ramp_to_4300L,26,4300
22203.49322,27069.87786,6890.623921,Main_Ramp_to_4300L,27,4300
22155.22072,27149.86676,6877.365613,Main_Ramp_to_4300L,28,4300
22136.50166,27173.25866,6873.676579,Main_Ramp_to_4300L,29,4300
22093.01525,27245.31813,6852.481361,Main_Ramp_to_4300L,30,4300
22068.22784,27285.16826,6846.1837,Main_Ramp_to_4300L,31,4300
22049.91067,27321.2872,6840.077931,Main_Ramp_to_4300L,32,4300
22046.64927,27340.01124,6837.846716,Main_Ramp_to_4300L,33,4300
22017.96331,27367.64737,6832.253201,Main_Ramp_to_4300L,34,4300
21986.99539,27426.18594,6817.906278,Main_Ramp_to_4300L,35,4300
21962.39927,27454.36895,6813.2723,Main_Ramp_to_4300L,36,4300
21899.45754,27569.63469,6789.250984,Main_Ramp_to_4300L,37,4300
21880.15608,27587.66115,6782.8184,Main_Ramp_to_4300L,38,4300
21852.40586,27629.63642,6776.627999,Main_Ramp_to_4300L,39,4300
21841.97328,27657.36914,6771.883695,Main_Ramp_to_4300L,40,4300
21784.12222,27743.67489,6753.595822,Main_Ramp_to_4300L,41,4300
21622.01803,28008.6484,6701.9169,Main_Ramp_to_4300L,42,4300
21589.48313,28065.46335,6684.8604,Main_Ramp_to_4300L,43,4300
21570.10893,28106.05168,6684.821622,Main_Ramp_to_4300L,44,4300
21511.04785,28192.00589,6667.507393,Main_Ramp_to_4300L,45,4300
21482.05213,28220.36593,6666.5717,Main_Ramp_to_4300L,46,4300
21468.29535,28258.56612,6667.199104,Main_Ramp_to_4300L,47,4300
21444.10228,28290.73864,6670.239193,Main_Ramp_to_4300L,48,4300
21389.90724,28387.6437,6671.721867,Main_Ramp_to_4300L,49,4300
21328.43263,28480.19983,6674.5828,Main_Ramp_to_4300L,50,4300
21314.15196,28510.86233,6675.58301,Main_Ramp_to_4300L,51,4300
21259.32783,28597.11821,6677.207277,Main_Ramp_to_4300L,52,4300
21255.63273,28614.33571,6677.1017,Main_Ramp_to_4300L,53,4300
21194.43903,28682.48437,6679.7352,Main_Ramp_to_4300L,54,4300
21146.94374,28776.30993,6681.3301,Main_Ramp_to_4300L,55,4300
21063.75352,28907.54915,6684.419141,Main_Ramp_to_4300L,56,4300
21048.50452,28929.73573,6684.8389,Main_Ramp_to_4300L,57,4300
21035.95866,28953.04137,6685.11449,Main_Ramp_to_4300L,58,4300
20999.10081,29018.98538,6685.783598,Main_Ramp_to_4300L,59,4300
20920.77896,29146.35844,6687.994096,Main_Ramp_to_4300L,60,4300
20855.68847,29242.36809,6688.279328,Main_Ramp_to_4300L,61,4300
21315.14273,28161.18776,6669.247192,Powder_Mag,1,4300
21326.15785,28119.6881,6666.788049,Powder_Mag,2,4300
21336.51061,28081.05106,6666.788049,Powder_Mag,3,4300
21294.08969,28155.76326,6669.4657,Main_Ramp_to_4430_2,1,4430
21264.07364,28149.74668,6664.764949,Main_Ramp_to_4430_2,2,4430
21217.14019,28152.69895,6657.644608,Main_Ramp_to_4430_2,3,4430
21195.50746,28162.32973,6654.084437,Main_Ramp_to_4430_2,4,4430
21174.65696,28178.8839,6650.079244,Main_Ramp_to_4430_2,5,4430
20942.70156,28431.97644,6599.279822,Main_Ramp_to_4430_2,6,4430
20766.76548,28624.57556,6591.174027,Main_Ramp_to_4430_2,7,4430
20751.40227,28653.597,6590.184472,Main_Ramp_to_4430_2,8,4430
20745.96018,28684.36754,6589.244222,Main_Ramp_to_4430_2,9,4430
20774.53792,28915.55211,6527.381944,Rock_Pass_Access,1,4520
20799.64576,28947.55707,6527.458114,Rock_Pass_Access,2,4520
20733.87772,29105.50601,6532.590947,Rock_Pass_Access,3,4520
20471.18025,28810.79581,6561.307727,HW_Drift,1,4430
20440.99111,28964.7065,6566.013032,HW_Drift,2,4430
20426.42185,29139.86266,6571.778411,HW_Drift,3,4430
20414.54063,29243.92581,6575.408007,HW_Drift,4,4430
20404.41514,29332.61072,6577.118362,HW_Drift,5,4430
20401.58223,29357.42371,6577.597524,HW_Drift,6,4430
20391.69407,29405.94077,6579.450192,HW_Drift,7,4430
20495.36053,29667.24743,6622.006728,Ramp_to_191OB,1,4430
20461.50184,29642.05043,6620.738895,Ramp_to_191OB,2,4430
20421.81514,29623.65191,6618.226553,Ramp_to_191OB,3,4430
20396.49037,29612.95389,6613.266269,Ramp_to_191OB,4,4430
20375.03576,29595.76404,6608.305986,Ramp_to_191OB,5,4430
20353.54671,29560.7597,6600.86556,Ramp_to_191OB,6,4430
20347.92776,29533.84839,6595.905276,Ramp_to_191OB,7,4430
20349.84929,29506.42396,6590.944992,Ramp_to_191OB,8,4430
20369.3814,29464.57088,6582.568401,Ramp_to_191OB,9,4430
20391.69407,29405.94077,6579.450192,Ramp_to_191OB,10,4430
